DateTime,WindSpeed(m/s),Pressure(hpa),Temperature(Â°C),Humidity(%),Sunlight(Lux),Power(mW)
2024/2/1 07:00,2.50 ,1014.39 ,17.74 ,100.00 ,5526.50 ,45.01 
2024/2/1 07:10,2.25 ,1014.45 ,19.81 ,100.00 ,10869.75 ,101.90 
2024/2/1 07:20,2.33 ,1014.45 ,21.79 ,100.00 ,17928.08 ,163.12 
2024/2/1 07:30,2.55 ,1014.43 ,23.61 ,100.00 ,25877.59 ,240.26 
2024/2/1 07:40,2.01 ,1014.40 ,25.02 ,94.67 ,32791.50 ,333.06 
2024/2/1 07:50,2.20 ,1014.37 ,26.85 ,79.13 ,39607.67 ,446.64 
2024/2/1 08:00,2.41 ,1014.35 ,28.46 ,69.44 ,47228.70 ,571.41 
2024/2/1 08:10,1.85 ,1014.40 ,29.86 ,62.95 ,55205.75 ,705.05 
2024/2/1 08:20,2.04 ,1014.43 ,31.38 ,57.74 ,62301.43 ,852.76 
2024/2/1 08:30,1.71 ,1014.35 ,32.65 ,54.16 ,68801.80 ,999.88 
2024/2/1 08:40,2.66 ,1014.34 ,33.88 ,48.97 ,74850.27 ,1130.88 
2024/2/1 08:50,1.94 ,1014.37 ,33.77 ,48.03 ,79209.48 ,1240.59 
2024/2/1 09:00,2.20 ,1014.41 ,34.53 ,46.14 ,68182.62 ,1118.80 
2024/2/1 09:10,2.27 ,1014.42 ,33.07 ,47.70 ,58987.47 ,819.29 
2024/2/1 09:20,2.20 ,1014.41 ,32.95 ,48.53 ,91807.37 ,1541.67 
2024/2/1 09:30,1.21 ,1014.30 ,35.52 ,44.69 ,95024.32 ,1531.82 
2024/2/1 09:40,1.98 ,1014.20 ,36.81 ,40.45 ,99846.23 ,1587.24 
2024/2/1 09:50,1.87 ,1014.17 ,36.79 ,39.77 ,103381.04 ,1616.70 
2024/2/1 10:00,2.04 ,1014.12 ,37.14 ,38.91 ,105669.00 ,1642.25 
2024/2/1 10:10,1.01 ,1014.00 ,37.69 ,38.33 ,108490.27 ,1654.34 
2024/2/1 10:20,1.38 ,1013.84 ,38.83 ,36.11 ,108573.83 ,1654.66 
2024/2/1 10:30,1.36 ,1013.64 ,39.65 ,35.11 ,107085.48 ,1537.96 
2024/2/1 10:40,2.67 ,1013.48 ,39.34 ,34.29 ,107108.84 ,1691.55 
2024/2/1 10:50,1.66 ,1013.35 ,39.06 ,34.86 ,108663.49 ,1674.41 
2024/2/1 11:00,2.55 ,1013.24 ,38.83 ,34.17 ,112646.09 ,1711.42 
2024/2/1 11:10,1.59 ,1013.12 ,38.55 ,35.02 ,115140.15 ,1707.58 
2024/2/1 11:20,1.97 ,1012.89 ,39.50 ,33.85 ,116643.24 ,1703.17 
2024/2/1 11:30,0.87 ,1012.68 ,40.46 ,32.82 ,109779.36 ,1569.32 
2024/2/1 11:40,1.70 ,1012.52 ,41.51 ,31.72 ,111234.65 ,1582.02 
2024/2/1 11:50,1.43 ,1012.38 ,41.21 ,31.91 ,116433.72 ,1719.24 
2024/2/1 12:00,0.71 ,1012.18 ,41.54 ,31.35 ,75607.66 ,1181.26 
2024/2/1 12:10,1.04 ,1011.98 ,40.45 ,32.96 ,47652.80 ,519.84 
2024/2/1 12:20,2.01 ,1011.81 ,37.48 ,38.87 ,37141.71 ,408.15 
2024/2/1 12:30,2.08 ,1011.56 ,34.28 ,45.64 ,28196.00 ,193.51 
2024/2/1 12:40,1.72 ,1011.32 ,32.83 ,49.53 ,34829.08 ,288.09 
2024/2/1 12:50,2.60 ,1011.14 ,32.81 ,50.74 ,55639.21 ,745.66 
2024/2/1 13:00,2.67 ,1011.09 ,34.43 ,47.28 ,74026.22 ,1162.63 
2024/2/1 13:10,3.12 ,1011.00 ,36.55 ,43.24 ,65560.96 ,894.21 
2024/2/1 13:20,2.48 ,1010.88 ,34.82 ,46.22 ,44506.97 ,484.01 
2024/2/1 13:30,2.16 ,1010.83 ,33.73 ,49.11 ,31635.84 ,218.86 
2024/2/1 13:40,1.43 ,1010.77 ,32.32 ,53.02 ,26758.08 ,159.16 
2024/2/1 13:50,1.71 ,1010.65 ,31.70 ,55.45 ,22610.17 ,116.84 
2024/2/1 14:00,2.14 ,1010.59 ,30.78 ,58.60 ,18661.00 ,81.52 
2024/2/1 14:10,1.59 ,1010.60 ,30.09 ,61.12 ,17774.08 ,75.18 
2024/2/1 14:20,1.61 ,1010.57 ,29.64 ,62.60 ,18247.50 ,79.52 
2024/2/1 14:30,1.89 ,1010.51 ,29.38 ,63.76 ,17885.92 ,76.50 
2024/2/1 14:40,1.55 ,1010.54 ,29.23 ,64.29 ,16197.00 ,62.05 
2024/2/1 14:50,1.73 ,1010.49 ,28.91 ,65.35 ,14416.83 ,48.51 
2024/2/1 15:00,1.29 ,1010.42 ,28.59 ,66.93 ,13862.17 ,44.61 
2024/2/1 15:10,1.07 ,1010.45 ,28.42 ,67.62 ,11862.42 ,32.88 
2024/2/1 15:20,1.52 ,1010.54 ,28.08 ,68.95 ,10326.83 ,24.23 
2024/2/1 15:30,1.73 ,1010.57 ,27.51 ,71.83 ,9905.75 ,22.14 
2024/2/1 15:40,1.61 ,1010.68 ,27.06 ,74.04 ,8604.48 ,17.21 
2024/2/1 15:50,1.14 ,1010.77 ,26.83 ,74.90 ,7408.67 ,13.16 
2024/2/1 16:00,1.25 ,1010.87 ,26.54 ,75.80 ,6368.25 ,9.80 
2024/2/1 16:10,0.96 ,1010.94 ,26.41 ,76.94 ,5755.83 ,8.02 
2024/2/1 16:20,1.19 ,1011.11 ,26.22 ,78.67 ,4702.83 ,5.52 
2024/2/1 16:30,0.66 ,1011.22 ,25.88 ,80.46 ,4032.08 ,4.13 
2024/2/1 16:40,0.71 ,1011.30 ,25.50 ,82.79 ,3267.00 ,2.76 
2024/2/1 16:50,0.69 ,1011.37 ,25.12 ,84.94 ,2509.00 ,1.69 
2024/2/1 17:00,0.38 ,1011.39 ,24.82 ,86.11 ,1961.67 ,1.11 
2024/2/2 07:00,0.14 ,1013.31 ,21.12 ,100.00 ,2253.00 ,1.63 
2024/2/2 07:10,0.53 ,1013.37 ,21.43 ,100.00 ,3248.50 ,3.05 
2024/2/2 07:20,0.58 ,1013.46 ,21.75 ,100.00 ,4734.92 ,5.87 
2024/2/2 07:30,1.13 ,1013.63 ,22.20 ,100.00 ,7249.92 ,13.35 
2024/2/2 07:40,1.93 ,1013.66 ,22.71 ,100.00 ,8896.16 ,19.49 
2024/2/2 07:50,1.09 ,1013.72 ,23.16 ,100.00 ,10883.17 ,28.28 
2024/2/2 08:00,1.92 ,1013.77 ,23.85 ,100.00 ,13044.58 ,41.00 
2024/2/2 08:10,1.32 ,1013.72 ,24.35 ,100.00 ,13288.67 ,42.31 
2024/2/2 08:20,2.26 ,1013.71 ,24.81 ,100.00 ,15035.33 ,54.10 
2024/2/2 08:30,1.99 ,1013.79 ,25.09 ,100.00 ,13609.92 ,45.85 
2024/2/2 08:40,1.67 ,1013.86 ,25.28 ,100.00 ,15917.92 ,61.16 
2024/2/2 08:50,1.06 ,1013.89 ,25.95 ,99.27 ,19638.75 ,91.38 
2024/2/2 09:00,0.71 ,1013.85 ,27.23 ,92.66 ,24433.67 ,138.58 
2024/2/2 09:10,0.63 ,1013.89 ,28.59 ,83.32 ,26103.83 ,157.73 
2024/2/2 09:20,0.93 ,1013.87 ,29.84 ,74.71 ,31800.67 ,230.70 
2024/2/2 09:30,0.70 ,1013.85 ,30.99 ,69.60 ,30572.42 ,218.18 
2024/2/2 09:40,0.52 ,1013.80 ,31.74 ,64.41 ,48283.68 ,551.38 
2024/2/2 09:50,0.70 ,1013.83 ,34.88 ,56.91 ,58234.56 ,752.89 
2024/2/2 10:00,0.39 ,1013.62 ,37.36 ,49.21 ,77142.00 ,1145.21 
2024/2/2 10:10,0.78 ,1013.61 ,39.94 ,42.49 ,76193.43 ,1119.17 
2024/2/2 10:20,0.18 ,1013.39 ,41.00 ,40.13 ,74175.00 ,1131.76 
2024/2/2 10:30,0.48 ,1013.18 ,43.10 ,36.45 ,101580.76 ,1559.60 
2024/2/2 10:40,1.19 ,1013.06 ,43.89 ,33.58 ,76869.59 ,1178.93 
2024/2/2 10:50,0.55 ,1012.95 ,42.67 ,35.26 ,68753.11 ,987.33 
2024/2/2 11:00,0.32 ,1012.86 ,41.33 ,36.30 ,66412.68 ,939.96 
2024/2/2 11:10,0.74 ,1012.72 ,40.98 ,36.62 ,76849.83 ,1128.07 
2024/2/2 11:20,1.10 ,1012.64 ,40.79 ,36.08 ,63530.67 ,851.24 
2024/2/2 11:30,1.29 ,1012.51 ,38.46 ,40.75 ,40822.79 ,393.83 
2024/2/2 11:40,0.82 ,1012.38 ,36.20 ,44.75 ,40081.64 ,401.52 
2024/2/2 11:50,0.37 ,1012.31 ,35.30 ,46.88 ,29538.67 ,213.24 
2024/2/2 12:00,1.00 ,1012.24 ,34.37 ,48.81 ,25759.25 ,160.58 
2024/2/2 12:10,0.70 ,1012.10 ,32.96 ,51.67 ,20614.42 ,104.12 
2024/2/2 12:20,0.19 ,1011.97 ,32.37 ,52.71 ,20151.67 ,100.10 
2024/2/2 12:30,0.16 ,1011.91 ,32.49 ,52.24 ,22498.67 ,123.67 
2024/2/2 12:40,0.10 ,1011.89 ,32.67 ,52.60 ,24612.42 ,146.43 
2024/2/2 12:50,0.92 ,1011.84 ,33.15 ,52.51 ,26112.58 ,161.18 
2024/2/2 13:00,1.09 ,1011.86 ,32.24 ,56.88 ,26020.83 ,158.62 
2024/2/2 13:10,1.29 ,1011.79 ,31.50 ,59.55 ,23898.33 ,131.37 
2024/2/2 13:20,1.38 ,1011.75 ,30.44 ,62.93 ,19668.43 ,89.51 
2024/2/2 13:30,0.88 ,1011.75 ,29.38 ,66.36 ,13236.42 ,43.28 
2024/2/2 13:40,1.32 ,1011.75 ,28.14 ,70.81 ,6229.08 ,11.08 
2024/2/2 13:50,1.26 ,1011.66 ,27.06 ,76.16 ,7356.00 ,13.83 
2024/2/2 14:00,1.12 ,1011.71 ,26.83 ,78.31 ,9492.42 ,21.44 
2024/2/2 14:10,1.34 ,1011.64 ,26.99 ,78.41 ,11672.50 ,30.17 
2024/2/2 14:20,0.88 ,1011.75 ,26.51 ,81.38 ,7944.25 ,14.71 
2024/2/2 14:30,1.07 ,1011.79 ,25.43 ,91.07 ,8146.08 ,17.07 
2024/2/2 14:40,0.74 ,1011.82 ,24.11 ,100.00 ,7636.17 ,14.03 
2024/2/2 14:50,1.08 ,1011.85 ,23.48 ,100.00 ,7109.08 ,11.97 
2024/2/2 15:00,0.85 ,1011.86 ,23.21 ,100.00 ,6956.25 ,12.04 
2024/2/2 15:10,0.63 ,1011.88 ,23.10 ,100.00 ,6660.58 ,10.99 
2024/2/2 15:20,0.37 ,1011.92 ,23.14 ,100.00 ,6289.92 ,9.75 
2024/2/2 15:30,0.55 ,1011.97 ,23.29 ,100.00 ,6985.75 ,12.55 
2024/2/2 15:40,0.26 ,1012.03 ,23.42 ,100.00 ,8560.25 ,17.57 
2024/2/2 15:50,0.31 ,1012.11 ,23.50 ,100.00 ,8374.75 ,15.77 
2024/2/2 16:00,0.34 ,1012.11 ,23.40 ,100.00 ,7068.25 ,12.34 
2024/2/2 16:10,0.44 ,1012.20 ,23.40 ,100.00 ,7502.27 ,13.78 
2024/2/2 16:20,0.73 ,1012.30 ,23.33 ,100.00 ,7623.92 ,14.34 
2024/2/2 16:30,1.25 ,1012.38 ,23.01 ,100.00 ,5536.25 ,7.83 
2024/2/2 16:40,0.98 ,1012.49 ,22.65 ,100.00 ,3172.83 ,2.77 
2024/2/2 16:50,1.09 ,1012.56 ,22.32 ,100.00 ,1762.42 ,0.96 
2024/2/2 17:00,1.60 ,1012.68 ,21.97 ,100.00 ,1128.08 ,0.41 
2024/2/3 07:00,1.35 ,1014.69 ,19.83 ,100.00 ,2062.83 ,1.39 
2024/2/3 07:10,0.72 ,1014.75 ,20.05 ,100.00 ,3326.00 ,3.26 
2024/2/3 07:20,1.36 ,1014.79 ,20.35 ,100.00 ,5274.83 ,8.03 
2024/2/3 07:30,1.04 ,1014.82 ,20.71 ,100.00 ,7503.25 ,15.94 
2024/2/3 07:40,1.37 ,1014.90 ,21.12 ,100.00 ,8127.13 ,17.53 
2024/2/3 07:50,1.07 ,1015.02 ,21.43 ,100.00 ,6832.92 ,12.21 
2024/2/3 08:00,1.61 ,1015.08 ,21.44 ,100.00 ,9776.08 ,25.99 
2024/2/3 08:10,0.92 ,1015.12 ,21.96 ,100.00 ,13128.33 ,42.63 
2024/2/3 08:20,1.24 ,1015.08 ,22.39 ,100.00 ,14179.33 ,50.23 
2024/2/3 08:30,0.71 ,1015.08 ,22.95 ,100.00 ,19801.92 ,93.93 
2024/2/3 08:40,1.10 ,1015.11 ,23.73 ,100.00 ,20491.00 ,106.40 
2024/2/3 08:50,1.34 ,1015.10 ,24.40 ,100.00 ,26258.58 ,168.90 
2024/2/3 09:00,0.99 ,1015.11 ,25.39 ,100.00 ,29206.50 ,200.37 
2024/2/3 09:10,0.86 ,1015.07 ,25.90 ,100.00 ,27603.92 ,175.59 
2024/2/3 09:20,1.93 ,1015.04 ,25.91 ,100.00 ,26400.33 ,160.58 
2024/2/3 09:30,1.77 ,1015.05 ,25.59 ,100.00 ,23479.08 ,123.64 
2024/2/3 09:40,1.72 ,1015.06 ,25.52 ,100.00 ,23488.50 ,125.96 
2024/2/3 09:50,1.02 ,1015.05 ,25.89 ,100.00 ,25147.34 ,149.48 
2024/2/3 10:00,1.84 ,1015.03 ,26.63 ,100.00 ,31545.67 ,229.00 
2024/2/3 10:10,0.24 ,1014.93 ,27.86 ,99.88 ,40040.83 ,359.83 
2024/2/3 10:20,0.02 ,1014.85 ,30.13 ,93.86 ,34156.33 ,261.58 
2024/2/3 10:30,0.43 ,1014.71 ,30.97 ,80.49 ,39711.04 ,355.14 
2024/2/3 10:40,0.77 ,1014.58 ,31.68 ,74.05 ,40001.70 ,355.63 
2024/2/3 10:50,0.43 ,1014.42 ,32.24 ,70.22 ,55569.43 ,696.01 
2024/2/3 11:00,0.63 ,1014.34 ,33.79 ,64.70 ,45951.48 ,465.88 
2024/2/3 11:10,0.83 ,1014.13 ,33.93 ,60.33 ,47867.67 ,521.56 
2024/2/3 11:20,1.03 ,1013.88 ,33.99 ,58.97 ,54794.08 ,680.23 
2024/2/3 11:30,1.79 ,1013.68 ,33.82 ,57.66 ,53901.03 ,655.14 
2024/2/3 11:40,2.14 ,1013.49 ,32.99 ,59.13 ,60913.52 ,839.27 
2024/2/3 11:50,2.14 ,1013.27 ,33.05 ,58.65 ,70876.83 ,1116.18 
2024/2/3 12:00,2.70 ,1013.20 ,33.09 ,57.51 ,62691.17 ,883.81 
2024/2/3 12:10,2.45 ,1013.02 ,32.81 ,58.35 ,69294.87 ,1076.94 
2024/2/3 12:20,3.20 ,1012.84 ,32.93 ,58.00 ,67793.58 ,1025.75 
2024/2/3 12:30,2.81 ,1012.67 ,32.23 ,59.45 ,76403.48 ,1273.26 
2024/2/3 12:40,2.91 ,1012.54 ,32.88 ,57.38 ,95164.11 ,1585.71 
2024/2/3 12:50,2.52 ,1012.25 ,35.25 ,52.36 ,72489.67 ,1024.60 
2024/2/3 13:00,2.62 ,1012.22 ,34.15 ,53.73 ,60696.28 ,839.56 
2024/2/3 13:10,2.67 ,1012.10 ,33.58 ,55.31 ,75331.47 ,1193.96 
2024/2/3 13:20,3.08 ,1011.95 ,32.53 ,57.49 ,33583.32 ,279.01 
2024/2/3 13:30,3.33 ,1011.98 ,29.75 ,65.45 ,27697.67 ,174.22 
2024/2/3 13:40,2.57 ,1011.86 ,28.06 ,72.54 ,20621.83 ,100.23 
2024/2/3 13:50,2.89 ,1011.83 ,26.81 ,78.70 ,12766.84 ,37.04 
2024/2/3 14:00,2.60 ,1011.80 ,25.69 ,84.57 ,10127.08 ,24.72 
2024/2/3 14:10,2.76 ,1011.78 ,24.80 ,89.26 ,6227.08 ,9.27 
2024/2/3 14:20,1.54 ,1011.73 ,24.32 ,93.15 ,5014.42 ,5.97 
2024/2/3 14:30,1.12 ,1011.67 ,24.23 ,95.14 ,4789.67 ,5.09 
2024/2/3 14:40,2.10 ,1011.69 ,23.92 ,98.67 ,3144.33 ,2.43 
2024/2/3 14:50,2.60 ,1011.68 ,23.42 ,100.00 ,4461.50 ,4.58 
2024/2/3 15:00,2.07 ,1011.66 ,22.76 ,100.00 ,4535.33 ,5.03 
2024/2/3 15:10,1.43 ,1011.71 ,22.34 ,100.00 ,4902.00 ,6.12 
2024/2/3 15:20,1.31 ,1011.77 ,22.11 ,100.00 ,4185.00 ,4.42 
2024/2/3 15:30,0.54 ,1011.89 ,22.00 ,100.00 ,3979.00 ,4.09 
2024/2/3 15:40,0.66 ,1011.92 ,22.03 ,100.00 ,5864.58 ,8.32 
2024/2/3 15:50,0.66 ,1011.97 ,22.10 ,100.00 ,4816.42 ,5.84 
2024/2/3 16:00,0.58 ,1012.13 ,21.98 ,100.00 ,3108.50 ,2.71 
2024/2/3 16:10,0.32 ,1012.23 ,21.80 ,100.00 ,3205.17 ,2.62 
2024/2/3 16:20,0.26 ,1012.38 ,21.66 ,100.00 ,2735.17 ,2.05 
2024/2/3 16:30,0.37 ,1012.47 ,21.58 ,100.00 ,2993.25 ,2.48 
2024/2/3 16:40,0.34 ,1012.51 ,21.56 ,100.00 ,3722.42 ,3.71 
2024/2/3 16:50,0.37 ,1012.56 ,21.60 ,100.00 ,4337.42 ,5.09 
2024/2/3 17:00,0.25 ,1012.53 ,21.68 ,100.00 ,4191.75 ,5.20 
2024/2/4 07:00,1.56 ,1013.07 ,19.90 ,100.00 ,1391.75 ,0.55 
2024/2/4 07:10,1.40 ,1013.16 ,20.02 ,100.00 ,2456.33 ,1.70 
2024/2/4 07:20,1.74 ,1013.22 ,20.21 ,100.00 ,3907.25 ,4.25 
2024/2/4 07:30,1.55 ,1013.29 ,20.52 ,100.00 ,6570.50 ,11.51 
2024/2/4 07:40,1.34 ,1013.29 ,20.93 ,100.00 ,7938.92 ,15.97 
2024/2/4 07:50,1.52 ,1013.32 ,21.24 ,100.00 ,8967.25 ,20.03 
2024/2/4 08:00,0.79 ,1013.31 ,21.69 ,100.00 ,11654.83 ,32.82 
2024/2/4 08:10,1.12 ,1013.45 ,22.11 ,100.00 ,12736.67 ,38.07 
2024/2/4 08:20,1.14 ,1013.48 ,22.50 ,100.00 ,14599.33 ,50.66 
2024/2/4 08:30,1.31 ,1013.54 ,22.88 ,100.00 ,16510.25 ,63.03 
2024/2/4 08:40,0.98 ,1013.58 ,23.31 ,100.00 ,19475.83 ,86.09 
2024/2/4 08:50,2.55 ,1013.67 ,23.76 ,100.00 ,17232.17 ,68.30 
2024/2/4 09:00,2.35 ,1013.70 ,23.74 ,100.00 ,24795.17 ,142.07 
2024/2/4 09:10,1.11 ,1013.67 ,25.04 ,100.00 ,35547.83 ,283.08 
2024/2/4 09:20,1.61 ,1013.55 ,26.60 ,100.00 ,28573.00 ,181.17 
2024/2/4 09:30,2.19 ,1013.39 ,26.36 ,100.00 ,25894.25 ,148.08 
2024/2/4 09:40,2.10 ,1013.36 ,26.37 ,100.00 ,31592.58 ,223.42 
2024/2/4 09:50,1.11 ,1013.28 ,27.34 ,100.00 ,27747.92 ,173.36 
2024/2/4 10:00,0.92 ,1013.12 ,27.98 ,99.14 ,27606.00 ,172.31 
2024/2/4 10:10,0.50 ,1012.95 ,28.58 ,98.09 ,30232.58 ,202.49 
2024/2/4 10:20,0.38 ,1012.79 ,29.74 ,95.47 ,45368.73 ,463.95 
2024/2/4 10:30,0.16 ,1012.50 ,32.30 ,85.57 ,60845.96 ,832.78 
2024/2/4 10:40,0.54 ,1012.30 ,35.56 ,68.28 ,62487.40 ,835.03 
2024/2/4 10:50,1.33 ,1012.26 ,36.10 ,57.44 ,67973.08 ,995.43 
2024/2/4 11:00,0.20 ,1012.03 ,36.89 ,55.78 ,88841.81 ,1359.65 
2024/2/4 11:10,0.30 ,1011.83 ,38.84 ,52.23 ,87691.45 ,1305.29 
2024/2/4 11:20,1.25 ,1011.76 ,40.65 ,46.61 ,80889.46 ,1148.30 
2024/2/4 11:30,1.14 ,1011.72 ,39.49 ,43.57 ,60856.16 ,911.59 
2024/2/4 11:40,0.77 ,1011.59 ,37.35 ,46.48 ,53648.76 ,652.45 
2024/2/4 11:50,0.20 ,1011.33 ,36.85 ,49.09 ,48121.22 ,519.47 
2024/2/4 12:00,0.54 ,1011.08 ,37.35 ,47.76 ,54083.24 ,646.73 
2024/2/4 12:10,0.29 ,1010.89 ,37.70 ,47.39 ,54119.30 ,793.28 
2024/2/4 12:20,0.41 ,1010.57 ,39.37 ,45.32 ,68774.31 ,992.07 
2024/2/4 12:30,0.61 ,1010.38 ,40.14 ,43.53 ,37431.91 ,328.92 
2024/2/4 12:40,2.08 ,1010.12 ,36.91 ,47.76 ,31293.68 ,245.83 
2024/2/4 12:50,2.26 ,1010.07 ,32.79 ,57.89 ,33216.17 ,245.96 
2024/2/4 13:00,1.80 ,1009.84 ,31.84 ,61.33 ,26299.42 ,156.10 
2024/2/4 13:10,1.30 ,1009.73 ,30.64 ,64.95 ,18200.33 ,74.26 
2024/2/4 13:20,1.32 ,1009.41 ,29.75 ,68.97 ,24564.17 ,130.61 
2024/2/4 13:30,0.91 ,1009.41 ,30.26 ,68.21 ,25233.67 ,131.83 
2024/2/4 13:40,0.68 ,1009.18 ,30.33 ,67.45 ,22659.75 ,103.41 
2024/2/4 13:50,1.02 ,1009.12 ,30.24 ,67.80 ,23082.33 ,109.19 
2024/2/4 14:00,1.23 ,1009.13 ,29.90 ,69.01 ,14951.33 ,56.71 
2024/2/4 14:10,1.25 ,1009.04 ,28.38 ,76.22 ,11002.33 ,29.07 
2024/2/4 14:20,1.16 ,1008.91 ,27.38 ,82.09 ,14327.42 ,42.47 
2024/2/4 14:30,0.99 ,1008.86 ,27.09 ,82.56 ,10046.42 ,20.85 
2024/2/4 14:40,1.04 ,1008.82 ,26.78 ,83.10 ,7329.17 ,12.06 
2024/2/4 14:50,1.34 ,1008.65 ,26.42 ,84.51 ,10593.08 ,25.73 
2024/2/4 15:00,1.45 ,1008.72 ,26.80 ,83.78 ,10736.75 ,24.53 
2024/2/4 15:10,1.67 ,1008.76 ,26.70 ,83.47 ,7660.25 ,12.85 
2024/2/4 15:20,0.92 ,1008.78 ,26.26 ,85.70 ,7693.92 ,13.53 
2024/2/4 15:30,0.64 ,1008.83 ,26.14 ,87.46 ,6481.08 ,9.68 
2024/2/4 15:40,0.82 ,1008.80 ,26.03 ,88.90 ,9839.84 ,25.58 
2024/2/4 15:50,0.78 ,1008.73 ,26.69 ,87.95 ,13909.17 ,41.81 
2024/2/4 16:00,0.93 ,1008.72 ,27.17 ,85.60 ,10874.50 ,25.89 
2024/2/4 16:10,0.91 ,1008.83 ,26.88 ,85.53 ,5130.17 ,6.69 
2024/2/4 16:20,1.80 ,1008.98 ,25.81 ,89.52 ,2232.58 ,1.23 
2024/2/4 16:30,1.98 ,1009.34 ,24.93 ,95.37 ,2587.33 ,1.62 
2024/2/4 16:40,1.81 ,1009.42 ,24.56 ,98.65 ,2456.25 ,1.57 
2024/2/4 16:50,0.96 ,1009.53 ,24.41 ,100.00 ,2178.25 ,1.46 
2024/2/4 17:00,0.30 ,1009.52 ,24.22 ,100.00 ,1714.67 ,0.82 
2024/2/5 07:00,0.37 ,1013.30 ,20.11 ,100.00 ,514.92 ,0.11 
2024/2/5 07:10,0.05 ,1013.34 ,20.21 ,100.00 ,1069.08 ,0.40 
2024/2/5 07:20,0.03 ,1013.30 ,20.34 ,100.00 ,1721.17 ,0.79 
2024/2/5 07:30,0.03 ,1013.48 ,20.50 ,100.00 ,2432.00 ,1.51 
2024/2/5 07:40,0.17 ,1013.57 ,20.64 ,100.00 ,2881.00 ,2.16 
2024/2/5 07:50,0.37 ,1013.79 ,20.73 ,100.00 ,3548.08 ,2.98 
2024/2/5 08:00,0.73 ,1014.01 ,20.68 ,100.00 ,3146.50 ,2.54 
2024/2/5 08:10,1.45 ,1014.19 ,20.60 ,100.00 ,4885.42 ,5.63 
2024/2/5 08:20,1.47 ,1014.38 ,20.62 ,100.00 ,4159.58 ,4.43 
2024/2/5 08:30,3.01 ,1014.63 ,20.42 ,100.00 ,7348.34 ,12.57 
2024/2/5 08:40,1.74 ,1014.73 ,20.45 ,100.00 ,5497.67 ,7.36 
2024/2/5 08:50,2.89 ,1014.93 ,20.29 ,100.00 ,4398.00 ,4.55 
2024/2/5 09:00,2.99 ,1015.18 ,20.03 ,100.00 ,5818.25 ,7.76 
2024/2/5 09:10,3.29 ,1015.33 ,19.74 ,100.00 ,4005.08 ,4.10 
2024/2/5 09:20,3.15 ,1015.40 ,19.60 ,100.00 ,6182.42 ,9.57 
2024/2/5 09:30,3.34 ,1015.47 ,19.56 ,100.00 ,7029.08 ,11.62 
2024/2/5 09:40,3.16 ,1015.62 ,19.61 ,100.00 ,7887.50 ,15.41 
2024/2/5 09:50,2.87 ,1015.69 ,19.60 ,100.00 ,6804.17 ,11.31 
2024/2/5 10:00,2.90 ,1015.69 ,19.50 ,100.00 ,8868.75 ,18.41 
2024/2/5 10:10,2.06 ,1015.64 ,19.67 ,100.00 ,8500.83 ,16.13 
2024/2/5 10:20,3.18 ,1015.60 ,19.48 ,100.00 ,8670.58 ,15.95 
2024/2/5 10:30,2.87 ,1015.58 ,19.40 ,100.00 ,9412.75 ,19.68 
2024/2/5 10:40,3.35 ,1015.57 ,19.24 ,100.00 ,8895.75 ,17.55 
2024/2/5 10:50,3.07 ,1015.40 ,19.26 ,100.00 ,10919.00 ,25.83 
2024/2/5 11:00,2.48 ,1015.30 ,19.40 ,100.00 ,13338.17 ,41.32 
2024/2/5 11:10,2.70 ,1015.19 ,19.55 ,100.00 ,11891.33 ,33.35 
2024/2/5 11:20,2.93 ,1015.12 ,19.64 ,100.00 ,12045.25 ,31.66 
2024/2/5 11:30,2.47 ,1015.11 ,19.29 ,100.00 ,11598.00 ,27.92 
2024/2/5 11:40,2.68 ,1015.06 ,19.40 ,100.00 ,12384.00 ,31.39 
2024/2/5 11:50,2.98 ,1014.99 ,19.35 ,100.00 ,12625.25 ,32.16 
2024/2/5 12:00,2.77 ,1014.88 ,19.25 ,100.00 ,11345.42 ,29.12 
2024/2/5 12:10,2.51 ,1014.82 ,19.20 ,100.00 ,11493.33 ,29.98 
2024/2/5 12:20,2.61 ,1014.68 ,19.23 ,100.00 ,11900.25 ,32.55 
2024/2/5 12:30,3.09 ,1014.50 ,19.20 ,100.00 ,12794.00 ,35.77 
2024/2/5 12:40,2.11 ,1014.39 ,19.09 ,100.00 ,10136.67 ,24.47 
2024/2/5 12:50,1.74 ,1014.20 ,19.31 ,100.00 ,13577.58 ,41.78 
2024/2/5 13:00,1.32 ,1014.12 ,19.52 ,100.00 ,13601.67 ,39.10 
2024/2/5 13:10,1.53 ,1014.03 ,19.70 ,100.00 ,12957.00 ,41.27 
2024/2/5 13:20,2.07 ,1013.88 ,19.63 ,100.00 ,15607.33 ,58.31 
2024/2/5 13:30,1.75 ,1013.76 ,19.70 ,100.00 ,13924.00 ,44.79 
2024/2/5 13:40,1.56 ,1013.72 ,19.74 ,100.00 ,13748.42 ,46.21 
2024/2/5 13:50,2.23 ,1013.76 ,19.69 ,100.00 ,12375.17 ,36.22 
2024/2/5 14:00,2.02 ,1013.74 ,19.46 ,100.00 ,14760.58 ,47.03 
2024/2/5 14:10,1.73 ,1013.72 ,19.42 ,100.00 ,12143.75 ,33.36 
2024/2/5 14:20,1.93 ,1013.63 ,19.32 ,100.00 ,9393.92 ,21.21 
2024/2/5 14:30,1.94 ,1013.58 ,18.95 ,100.00 ,8564.42 ,16.14 
2024/2/5 14:40,1.34 ,1013.53 ,19.06 ,100.00 ,12654.58 ,34.84 
2024/2/5 14:50,1.30 ,1013.50 ,19.36 ,100.00 ,11160.00 ,28.99 
2024/2/5 15:00,0.82 ,1013.48 ,19.56 ,100.00 ,12371.08 ,36.45 
2024/2/5 15:10,1.11 ,1013.53 ,19.79 ,100.00 ,11459.00 ,30.46 
2024/2/5 15:20,0.96 ,1013.52 ,19.63 ,100.00 ,10218.58 ,24.11 
2024/2/5 15:30,0.78 ,1013.53 ,19.67 ,100.00 ,9074.00 ,19.09 
2024/2/5 15:40,0.84 ,1013.61 ,19.49 ,100.00 ,7041.85 ,12.03 
2024/2/5 15:50,0.50 ,1013.74 ,19.25 ,100.00 ,5254.17 ,6.98 
2024/2/5 16:00,0.57 ,1013.85 ,19.10 ,100.00 ,4648.00 ,5.47 
2024/2/5 16:10,0.55 ,1014.02 ,18.90 ,100.00 ,3312.00 ,2.81 
2024/2/5 16:20,0.26 ,1014.19 ,18.62 ,100.00 ,2902.50 ,2.20 
2024/2/5 16:30,0.10 ,1014.34 ,18.58 ,100.00 ,2712.17 ,1.93 
2024/2/5 16:40,0.13 ,1014.51 ,18.57 ,100.00 ,2159.83 ,1.27 
2024/2/5 16:50,0.00 ,1014.67 ,18.47 ,100.00 ,1611.17 ,0.77 
2024/2/5 17:00,0.00 ,1014.77 ,18.40 ,100.00 ,1039.75 ,0.35 
2024/2/6 07:00,0.00 ,1016.79 ,17.00 ,100.00 ,1284.92 ,0.59 
2024/2/6 07:10,0.11 ,1016.87 ,17.03 ,100.00 ,1766.33 ,1.00 
2024/2/6 07:20,0.37 ,1016.93 ,17.10 ,100.00 ,2061.42 ,1.37 
2024/2/6 07:30,0.36 ,1016.96 ,17.18 ,100.00 ,2877.58 ,2.51 
2024/2/6 07:40,0.34 ,1017.04 ,17.34 ,100.00 ,3802.67 ,4.11 
2024/2/6 07:50,0.59 ,1017.13 ,17.53 ,100.00 ,5268.92 ,7.62 
2024/2/6 08:00,0.15 ,1017.12 ,17.79 ,100.00 ,6615.00 ,11.34 
2024/2/6 08:10,0.03 ,1017.07 ,18.23 ,100.00 ,8464.58 ,17.90 
2024/2/6 08:20,0.02 ,1017.01 ,18.80 ,100.00 ,9778.67 ,23.42 
2024/2/6 08:30,0.23 ,1016.98 ,19.24 ,100.00 ,10403.08 ,26.40 
2024/2/6 08:40,0.38 ,1016.96 ,19.30 ,100.00 ,11284.58 ,30.76 
2024/2/6 08:50,0.35 ,1016.97 ,19.49 ,100.00 ,12603.75 ,37.58 
2024/2/6 09:00,0.18 ,1016.98 ,19.88 ,100.00 ,14502.25 ,48.67 
2024/2/6 09:10,0.65 ,1017.08 ,20.28 ,100.00 ,15219.50 ,53.44 
2024/2/6 09:20,0.22 ,1017.10 ,20.64 ,100.00 ,17337.83 ,69.35 
2024/2/6 09:30,0.10 ,1017.12 ,21.32 ,100.00 ,19054.75 ,84.42 
2024/2/6 09:40,0.41 ,1017.09 ,22.12 ,100.00 ,23709.00 ,126.03 
2024/2/6 09:50,0.49 ,1017.00 ,23.28 ,100.00 ,28495.00 ,181.57 
2024/2/6 10:00,0.03 ,1016.87 ,24.74 ,100.00 ,43548.30 ,417.09 
2024/2/6 10:10,0.58 ,1016.73 ,26.91 ,100.00 ,47674.69 ,488.03 
2024/2/6 10:20,0.97 ,1016.57 ,27.52 ,94.76 ,48873.56 ,507.37 
2024/2/6 10:30,0.65 ,1016.39 ,28.04 ,92.27 ,49273.90 ,524.30 
2024/2/6 10:40,0.84 ,1016.22 ,29.09 ,83.38 ,60760.79 ,819.24 
2024/2/6 10:50,1.22 ,1015.99 ,30.65 ,72.72 ,70946.19 ,1067.78 
2024/2/6 11:00,1.65 ,1015.82 ,30.84 ,60.57 ,71717.23 ,1089.03 
2024/2/6 11:10,1.08 ,1015.65 ,31.23 ,61.46 ,68137.32 ,1014.95 
2024/2/6 11:20,1.34 ,1015.52 ,33.36 ,54.37 ,79527.71 ,1307.81 
2024/2/6 11:30,2.05 ,1015.36 ,34.56 ,48.58 ,97234.83 ,1606.26 
2024/2/6 11:40,2.46 ,1015.20 ,34.34 ,46.12 ,69782.89 ,1065.90 
2024/2/6 11:50,2.13 ,1015.08 ,32.51 ,49.11 ,55787.58 ,693.37 
2024/2/6 12:00,2.54 ,1014.88 ,31.10 ,51.94 ,62530.53 ,882.63 
2024/2/6 12:10,1.89 ,1014.71 ,30.90 ,52.56 ,55846.15 ,703.91 
2024/2/6 12:20,1.88 ,1014.50 ,30.88 ,52.10 ,43112.31 ,426.32 
2024/2/6 12:30,2.59 ,1014.33 ,29.78 ,54.50 ,37641.86 ,324.01 
2024/2/6 12:40,1.93 ,1014.20 ,29.65 ,56.02 ,58730.48 ,797.01 
2024/2/6 12:50,2.36 ,1013.99 ,30.73 ,52.69 ,50624.13 ,604.07 
2024/2/6 13:00,2.24 ,1013.79 ,29.63 ,55.39 ,32912.52 ,248.05 
2024/2/6 13:10,2.08 ,1013.70 ,28.37 ,59.26 ,23928.83 ,131.67 
2024/2/6 13:20,2.48 ,1013.56 ,27.22 ,63.52 ,21154.25 ,102.45 
2024/2/6 13:30,2.60 ,1013.37 ,26.37 ,67.19 ,23368.25 ,123.14 
2024/2/6 13:40,2.58 ,1013.19 ,25.80 ,69.64 ,18078.54 ,74.58 
2024/2/6 13:50,2.17 ,1013.11 ,24.99 ,73.22 ,14997.67 ,51.41 
2024/2/6 14:00,2.42 ,1013.02 ,24.24 ,76.99 ,11211.17 ,29.27 
2024/2/6 14:10,1.96 ,1012.89 ,23.54 ,81.68 ,10686.17 ,26.43 
2024/2/6 14:20,2.01 ,1012.87 ,23.28 ,83.18 ,10301.75 ,24.40 
2024/2/6 14:30,2.12 ,1012.81 ,22.96 ,84.60 ,10428.83 ,24.39 
2024/2/6 14:40,1.91 ,1012.74 ,22.80 ,86.07 ,9208.50 ,19.30 
2024/2/6 14:50,1.19 ,1012.73 ,22.80 ,86.73 ,8606.50 ,17.00 
2024/2/6 15:00,1.92 ,1012.71 ,22.78 ,86.31 ,7671.58 ,13.48 
2024/2/6 15:10,1.37 ,1012.68 ,22.51 ,87.47 ,6620.00 ,10.32 
2024/2/6 15:20,1.94 ,1012.69 ,22.27 ,88.54 ,6028.00 ,8.47 
2024/2/6 15:30,1.01 ,1012.68 ,22.09 ,90.52 ,6112.33 ,8.43 
2024/2/6 15:40,0.53 ,1012.72 ,22.06 ,91.93 ,5533.00 ,7.15 
2024/2/6 15:50,0.63 ,1012.77 ,22.06 ,92.52 ,4157.75 ,4.14 
2024/2/6 16:00,1.03 ,1012.76 ,21.84 ,93.81 ,3537.75 ,3.23 
2024/2/6 16:10,0.65 ,1012.88 ,21.64 ,95.17 ,3000.58 ,2.30 
2024/2/6 16:20,0.88 ,1012.95 ,21.46 ,97.29 ,3292.08 ,2.69 
2024/2/6 16:30,1.14 ,1013.08 ,21.24 ,99.67 ,2624.00 ,1.77 
2024/2/6 16:40,1.04 ,1013.27 ,20.92 ,100.00 ,1937.17 ,1.02 
2024/2/6 16:50,0.80 ,1013.34 ,20.59 ,100.00 ,1598.00 ,0.72 
2024/2/6 17:00,1.19 ,1013.45 ,20.31 ,100.00 ,1057.42 ,0.34 
2024/2/7 07:00,1.31 ,1011.68 ,17.26 ,100.00 ,2753.67 ,1.74 
2024/2/7 07:10,1.96 ,1011.74 ,17.38 ,100.00 ,3947.92 ,3.59 
2024/2/7 07:20,1.21 ,1011.81 ,17.56 ,100.00 ,6265.00 ,10.18 
2024/2/7 07:30,2.14 ,1011.75 ,17.88 ,100.00 ,7299.50 ,12.62 
2024/2/7 07:40,2.58 ,1011.75 ,17.91 ,100.00 ,6816.50 ,10.16 
2024/2/7 07:50,1.80 ,1011.85 ,18.04 ,100.00 ,5537.08 ,6.44 
2024/2/7 08:00,2.42 ,1011.84 ,18.18 ,100.00 ,6159.08 ,8.11 
2024/2/7 08:10,2.33 ,1011.90 ,18.32 ,100.00 ,7003.08 ,10.49 
2024/2/7 08:20,1.32 ,1011.94 ,18.59 ,100.00 ,10058.58 ,24.57 
2024/2/7 08:30,2.51 ,1011.94 ,19.13 ,100.00 ,11664.08 ,31.73 
2024/2/7 08:40,1.02 ,1011.87 ,19.80 ,100.00 ,19266.67 ,84.44 
2024/2/7 08:50,1.83 ,1011.95 ,20.69 ,100.00 ,19945.08 ,93.93 
2024/2/7 09:00,2.06 ,1011.90 ,21.58 ,100.00 ,32186.79 ,233.05 
2024/2/7 09:10,1.19 ,1011.75 ,22.06 ,100.00 ,18836.84 ,76.80 
2024/2/7 09:20,1.39 ,1011.58 ,21.56 ,100.00 ,19309.08 ,78.57 
2024/2/7 09:30,0.96 ,1011.60 ,21.65 ,100.00 ,23573.25 ,122.00 
2024/2/7 09:40,0.27 ,1011.48 ,22.74 ,100.00 ,23173.25 ,122.98 
2024/2/7 09:50,0.02 ,1011.33 ,26.25 ,100.00 ,98016.66 ,1675.86 
2024/2/7 10:00,1.22 ,1011.10 ,32.92 ,82.46 ,110939.60 ,1789.08 
2024/2/7 10:10,0.69 ,1010.87 ,36.87 ,57.12 ,114407.93 ,1690.43 
2024/2/7 10:20,1.43 ,1010.70 ,39.25 ,43.05 ,117362.35 ,1721.08 
2024/2/7 10:30,2.04 ,1010.49 ,40.04 ,39.29 ,109174.35 ,1624.09 
2024/2/7 10:40,2.41 ,1010.36 ,37.49 ,41.98 ,43962.06 ,447.16 
2024/2/7 10:50,2.35 ,1010.21 ,32.00 ,52.93 ,29342.42 ,210.66 
2024/2/7 11:00,3.71 ,1010.15 ,28.31 ,64.21 ,21206.50 ,111.04 
2024/2/7 11:10,3.41 ,1010.01 ,25.53 ,75.19 ,12756.25 ,40.93 
2024/2/7 11:20,2.33 ,1009.92 ,24.39 ,81.26 ,10433.42 ,26.88 
2024/2/7 11:30,3.01 ,1009.83 ,23.77 ,86.00 ,9840.83 ,22.50 
2024/2/7 11:40,2.87 ,1009.77 ,23.20 ,90.65 ,8656.83 ,17.63 
2024/2/7 11:50,2.81 ,1009.63 ,23.06 ,93.10 ,10027.75 ,22.88 
2024/2/7 12:00,2.94 ,1009.54 ,22.85 ,92.59 ,9046.08 ,18.74 
2024/2/7 12:10,2.19 ,1009.37 ,22.77 ,92.75 ,8635.75 ,17.78 
2024/2/7 12:20,2.19 ,1009.15 ,22.78 ,93.60 ,7435.92 ,12.86 
2024/2/7 12:30,1.45 ,1008.94 ,22.65 ,94.51 ,8210.08 ,15.87 
2024/2/7 12:40,0.75 ,1008.67 ,22.96 ,94.03 ,10620.17 ,26.62 
2024/2/7 12:50,0.37 ,1008.47 ,23.43 ,92.05 ,10956.75 ,27.08 
2024/2/7 13:00,0.34 ,1008.30 ,23.78 ,90.82 ,10815.75 ,26.58 
2024/2/7 13:10,0.03 ,1008.16 ,24.06 ,89.58 ,11394.58 ,28.98 
2024/2/7 13:20,0.45 ,1008.05 ,24.48 ,88.17 ,10475.58 ,24.91 
2024/2/7 13:30,0.55 ,1007.95 ,24.08 ,88.24 ,6592.83 ,9.55 
2024/2/7 13:40,1.06 ,1007.85 ,23.37 ,92.08 ,8184.08 ,14.69 
2024/2/7 13:50,2.68 ,1007.79 ,23.01 ,90.87 ,9070.17 ,18.29 
2024/2/7 14:00,2.92 ,1007.72 ,22.78 ,91.93 ,9996.67 ,21.90 
2024/2/7 14:10,3.07 ,1007.64 ,22.61 ,92.71 ,10169.23 ,23.30 
2024/2/7 14:20,2.82 ,1007.59 ,22.44 ,93.21 ,9572.17 ,20.73 
2024/2/7 14:30,2.32 ,1007.55 ,22.34 ,93.95 ,10090.67 ,23.39 
2024/2/7 14:40,3.00 ,1007.53 ,22.39 ,93.57 ,10816.58 ,26.62 
2024/2/7 14:50,3.33 ,1007.52 ,22.34 ,92.84 ,10338.08 ,24.65 
2024/2/7 15:00,3.01 ,1007.51 ,22.20 ,93.93 ,10179.17 ,23.69 
2024/2/7 15:10,2.87 ,1007.52 ,22.21 ,94.32 ,10533.17 ,25.32 
2024/2/7 15:20,2.80 ,1007.47 ,21.72 ,96.42 ,9824.08 ,22.11 
2024/2/7 15:30,2.39 ,1007.54 ,21.83 ,95.86 ,10048.33 ,23.54 
2024/2/7 15:40,2.86 ,1007.65 ,21.85 ,95.23 ,8131.83 ,15.57 
2024/2/7 15:50,2.68 ,1007.77 ,21.64 ,94.99 ,8312.17 ,16.57 
2024/2/7 16:00,3.39 ,1007.91 ,21.24 ,98.18 ,6617.25 ,10.58 
2024/2/7 16:10,2.69 ,1008.06 ,20.84 ,100.00 ,5784.00 ,8.10 
2024/2/7 16:20,4.09 ,1008.09 ,20.60 ,100.00 ,6225.83 ,9.52 
2024/2/7 16:30,0.11 ,1010.58 ,17.80 ,100.00 ,1749.17 ,0.87 
2024/2/7 16:40,0.05 ,1010.79 ,17.38 ,100.00 ,1054.67 ,0.31 
2024/2/7 16:50,0.00 ,1011.01 ,17.24 ,100.00 ,935.67 ,0.27 
2024/2/7 17:00,0.00 ,1011.11 ,17.20 ,100.00 ,787.84 ,0.20 
2024/2/9 07:00,0.00 ,1015.10 ,15.30 ,100.00 ,849.75 ,0.24 
2024/2/9 07:10,0.00 ,1015.08 ,15.41 ,100.00 ,2199.00 ,1.48 
2024/2/9 07:20,0.00 ,1015.10 ,15.67 ,100.00 ,3300.92 ,2.85 
2024/2/9 07:30,0.00 ,1015.19 ,15.86 ,100.00 ,3033.67 ,2.27 
2024/2/9 07:40,0.00 ,1015.48 ,15.81 ,100.00 ,3282.58 ,2.53 
2024/2/9 07:50,0.00 ,1015.59 ,15.87 ,100.00 ,6216.92 ,9.02 
2024/2/9 08:00,0.00 ,1015.67 ,16.17 ,100.00 ,7812.25 ,14.91 
2024/2/9 08:10,0.00 ,1015.71 ,16.54 ,100.00 ,10046.83 ,25.14 
2024/2/9 08:20,0.00 ,1015.77 ,16.80 ,100.00 ,6742.33 ,11.28 
2024/2/9 08:30,0.00 ,1015.83 ,16.90 ,100.00 ,8246.00 ,16.68 
2024/2/9 08:40,0.00 ,1016.05 ,17.14 ,100.00 ,9242.50 ,20.31 
2024/2/9 08:50,0.00 ,1016.15 ,17.36 ,100.00 ,9580.75 ,21.45 
2024/2/9 09:00,0.00 ,1016.23 ,17.50 ,100.00 ,7905.83 ,15.50 
2024/2/9 09:10,0.00 ,1016.33 ,17.53 ,100.00 ,10380.33 ,25.50 
2024/2/9 09:20,0.00 ,1016.39 ,17.77 ,100.00 ,13391.58 ,45.98 
2024/2/9 09:30,0.00 ,1016.39 ,18.18 ,100.00 ,16427.75 ,66.19 
2024/2/9 09:40,0.00 ,1016.36 ,18.69 ,100.00 ,17077.67 ,71.12 
2024/2/9 09:50,0.00 ,1016.41 ,19.08 ,100.00 ,16674.50 ,69.27 
2024/2/9 10:00,0.00 ,1016.41 ,19.46 ,100.00 ,18362.75 ,82.64 
2024/2/9 10:10,0.00 ,1016.36 ,19.64 ,100.00 ,20900.92 ,94.51 
2024/2/9 10:20,0.03 ,1016.33 ,19.93 ,100.00 ,21091.75 ,102.57 
2024/2/9 10:30,0.00 ,1016.28 ,20.42 ,100.00 ,25464.42 ,150.24 
2024/2/9 10:40,0.00 ,1016.18 ,20.91 ,100.00 ,25475.67 ,148.00 
2024/2/9 10:50,0.00 ,1016.10 ,20.76 ,100.00 ,11408.75 ,37.94 
2024/2/9 11:00,2.02 ,1016.10 ,19.12 ,100.00 ,15608.42 ,63.66 
2024/2/9 11:10,2.53 ,1016.07 ,18.72 ,100.00 ,34294.83 ,270.41 
2024/2/9 11:20,3.35 ,1015.97 ,19.87 ,100.00 ,37407.65 ,319.07 
2024/2/9 11:30,3.03 ,1015.90 ,19.97 ,100.00 ,40213.21 ,372.29 
2024/2/9 11:40,3.05 ,1015.72 ,20.41 ,100.00 ,45737.78 ,475.95 
2024/2/9 11:50,2.73 ,1015.58 ,21.13 ,100.00 ,47533.51 ,511.01 
2024/2/9 12:00,2.69 ,1015.53 ,21.53 ,100.00 ,35269.21 ,308.12 
2024/2/9 12:10,4.29 ,1015.43 ,21.23 ,100.00 ,27222.92 ,176.95 
2024/2/9 12:20,3.40 ,1015.30 ,20.78 ,100.00 ,38768.92 ,336.33 
2024/2/9 12:30,2.73 ,1015.17 ,21.64 ,96.45 ,39574.43 ,354.12 
2024/2/9 12:40,2.68 ,1014.99 ,22.15 ,92.37 ,30895.00 ,222.06 
2024/2/9 12:50,2.11 ,1014.84 ,21.68 ,88.88 ,20444.25 ,102.69 
2024/2/9 13:00,2.87 ,1014.69 ,21.43 ,88.25 ,21730.92 ,110.24 
2024/2/9 13:10,3.35 ,1014.59 ,20.45 ,89.72 ,21183.92 ,102.60 
2024/2/9 13:20,3.71 ,1014.45 ,19.93 ,91.69 ,18432.58 ,77.40 
2024/2/9 13:30,2.96 ,1014.30 ,19.14 ,94.05 ,14964.67 ,51.53 
2024/2/9 13:40,3.23 ,1014.28 ,18.86 ,95.22 ,12649.25 ,36.76 
2024/2/9 13:50,3.28 ,1014.24 ,18.50 ,96.26 ,11706.67 ,31.68 
2024/2/9 14:00,2.69 ,1014.32 ,18.16 ,96.84 ,10601.42 ,25.86 
2024/2/9 14:10,4.50 ,1014.36 ,18.08 ,96.91 ,12539.17 ,35.85 
2024/2/9 14:20,3.11 ,1014.36 ,18.18 ,96.14 ,12236.08 ,34.19 
2024/2/9 14:30,3.62 ,1014.35 ,18.30 ,95.52 ,11760.67 ,31.31 
2024/2/9 14:40,3.78 ,1014.31 ,18.29 ,95.43 ,10962.67 ,27.32 
2024/2/9 14:50,2.94 ,1014.29 ,18.10 ,95.86 ,9299.83 ,19.45 
2024/2/9 15:00,3.41 ,1014.26 ,17.93 ,96.75 ,8438.00 ,16.19 
2024/2/9 15:10,3.13 ,1014.36 ,17.69 ,97.82 ,7031.58 ,11.28 
2024/2/9 15:20,2.50 ,1014.45 ,17.56 ,98.63 ,5592.08 ,7.25 
2024/2/9 15:30,3.32 ,1014.51 ,17.30 ,99.16 ,5323.75 ,6.49 
2024/2/9 15:40,2.22 ,1014.51 ,17.21 ,99.88 ,4099.42 ,4.04 
2024/2/9 15:50,3.00 ,1014.69 ,16.96 ,100.00 ,3271.17 ,2.38 
2024/2/9 16:00,2.88 ,1014.85 ,16.21 ,100.00 ,2385.33 ,1.36 
2024/2/9 16:10,2.53 ,1014.89 ,15.67 ,100.00 ,2701.17 ,1.65 
2024/2/9 16:20,2.46 ,1014.99 ,15.90 ,100.00 ,2757.00 ,1.74 
2024/2/9 16:30,2.11 ,1015.04 ,16.22 ,100.00 ,2114.75 ,1.08 
2024/2/9 16:40,1.49 ,1015.14 ,16.27 ,100.00 ,1601.33 ,0.61 
2024/2/9 16:50,2.57 ,1015.19 ,15.87 ,100.00 ,944.08 ,0.23 
2024/2/9 17:00,1.58 ,1015.29 ,15.79 ,100.00 ,819.25 ,0.19 
2024/2/10 07:00,0.00 ,1019.31 ,13.42 ,100.00 ,557.17 ,0.13 
2024/2/10 07:10,0.00 ,1019.49 ,13.50 ,100.00 ,877.58 ,0.27 
2024/2/10 07:20,0.00 ,1019.60 ,13.59 ,100.00 ,1249.75 ,0.55 
2024/2/10 07:30,0.00 ,1019.75 ,13.72 ,100.00 ,1738.42 ,0.98 
2024/2/10 07:40,0.00 ,1019.85 ,13.80 ,100.00 ,1864.08 ,1.06 
2024/2/10 07:50,0.00 ,1019.88 ,13.87 ,100.00 ,2414.84 ,1.66 
2024/2/10 08:00,0.00 ,1020.06 ,13.95 ,100.00 ,2449.83 ,1.68 
2024/2/10 08:10,0.00 ,1020.25 ,13.94 ,100.00 ,2950.58 ,2.29 
2024/2/10 08:20,0.00 ,1020.32 ,13.96 ,100.00 ,3361.67 ,2.88 
2024/2/10 08:30,0.00 ,1020.37 ,14.04 ,100.00 ,3869.92 ,3.73 
2024/2/10 08:40,0.00 ,1020.44 ,14.20 ,100.00 ,4158.50 ,4.23 
2024/2/10 08:50,0.00 ,1020.55 ,14.15 ,100.00 ,4106.83 ,4.05 
2024/2/10 09:00,0.00 ,1020.67 ,14.22 ,100.00 ,4747.08 ,5.38 
2024/2/10 09:10,0.00 ,1020.77 ,14.34 ,100.00 ,4972.75 ,6.02 
2024/2/10 09:20,0.00 ,1020.84 ,14.51 ,100.00 ,6165.83 ,9.09 
2024/2/10 09:30,0.00 ,1020.86 ,14.66 ,100.00 ,6751.83 ,10.50 
2024/2/10 09:40,0.03 ,1020.87 ,14.74 ,100.00 ,7635.58 ,13.84 
2024/2/10 09:50,0.04 ,1020.89 ,14.87 ,100.00 ,7912.25 ,14.51 
2024/2/10 10:00,0.13 ,1020.89 ,14.87 ,100.00 ,9119.42 ,19.51 
2024/2/10 10:10,0.04 ,1020.83 ,15.06 ,100.00 ,9848.42 ,22.92 
2024/2/10 10:20,0.19 ,1020.83 ,15.34 ,100.00 ,9828.67 ,23.08 
2024/2/10 10:30,0.00 ,1020.76 ,15.27 ,100.00 ,9921.67 ,23.13 
2024/2/10 10:40,0.00 ,1020.64 ,15.53 ,100.00 ,10714.83 ,26.75 
2024/2/10 10:50,0.03 ,1020.56 ,15.67 ,100.00 ,9068.67 ,19.17 
2024/2/10 11:00,0.02 ,1020.45 ,15.60 ,100.00 ,10650.33 ,25.96 
2024/2/10 11:10,0.04 ,1020.27 ,15.77 ,100.00 ,11123.67 ,28.46 
2024/2/10 11:20,0.03 ,1020.25 ,15.77 ,100.00 ,10884.59 ,27.07 
2024/2/10 11:30,0.04 ,1020.16 ,15.70 ,100.00 ,10975.08 ,27.47 
2024/2/10 11:40,0.00 ,1020.08 ,15.86 ,100.00 ,11716.50 ,31.17 
2024/2/10 11:50,0.00 ,1019.98 ,16.07 ,100.00 ,12708.00 ,36.66 
2024/2/10 12:00,0.11 ,1019.78 ,16.46 ,100.00 ,13326.83 ,40.11 
2024/2/10 12:10,0.17 ,1019.69 ,16.56 ,100.00 ,12596.67 ,35.89 
2024/2/10 12:20,0.41 ,1019.62 ,16.35 ,100.00 ,12003.17 ,32.23 
2024/2/10 12:30,0.12 ,1019.43 ,16.27 ,100.00 ,12493.33 ,34.71 
2024/2/10 12:40,0.33 ,1019.32 ,16.49 ,100.00 ,11317.17 ,28.28 
2024/2/10 12:50,0.06 ,1019.20 ,16.55 ,100.00 ,11976.00 ,32.18 
2024/2/10 13:00,0.26 ,1019.02 ,16.74 ,100.00 ,11974.17 ,31.90 
2024/2/10 13:10,0.43 ,1018.90 ,16.66 ,100.00 ,12289.67 ,33.63 
2024/2/10 13:20,0.33 ,1018.83 ,16.56 ,100.00 ,12460.25 ,34.65 
2024/2/10 13:30,0.26 ,1018.77 ,16.59 ,100.00 ,11764.42 ,31.01 
2024/2/10 13:40,0.20 ,1018.78 ,16.57 ,100.00 ,12105.92 ,33.09 
2024/2/10 13:50,0.43 ,1018.67 ,16.74 ,100.00 ,11597.33 ,30.46 
2024/2/10 14:00,0.45 ,1018.62 ,16.66 ,100.00 ,10849.92 ,26.63 
2024/2/10 14:10,0.55 ,1018.65 ,16.64 ,100.00 ,10565.58 ,25.77 
2024/2/10 14:20,0.62 ,1018.57 ,16.68 ,100.00 ,10990.59 ,27.57 
2024/2/10 14:30,0.66 ,1018.52 ,16.66 ,100.00 ,9597.00 ,21.45 
2024/2/10 14:40,0.79 ,1018.47 ,16.62 ,100.00 ,10150.83 ,23.80 
2024/2/10 14:50,0.95 ,1018.44 ,16.43 ,100.00 ,8062.08 ,15.43 
2024/2/10 15:00,0.39 ,1018.41 ,16.28 ,100.00 ,9647.33 ,21.74 
2024/2/10 15:10,0.41 ,1018.37 ,16.51 ,100.00 ,9825.00 ,22.10 
2024/2/10 15:20,0.21 ,1018.40 ,16.60 ,100.00 ,7984.00 ,14.98 
2024/2/10 15:30,0.12 ,1018.40 ,16.60 ,100.00 ,7231.50 ,12.42 
2024/2/10 15:40,0.02 ,1018.41 ,16.61 ,100.00 ,6466.25 ,10.06 
2024/2/10 15:50,0.00 ,1018.48 ,16.52 ,100.00 ,5311.92 ,6.85 
2024/2/10 16:00,0.00 ,1018.60 ,16.42 ,100.00 ,4531.00 ,5.08 
2024/2/10 16:10,0.23 ,1018.73 ,16.14 ,100.00 ,3184.67 ,2.59 
2024/2/10 16:20,0.03 ,1018.83 ,15.73 ,100.00 ,2649.58 ,1.82 
2024/2/10 16:30,0.00 ,1018.92 ,15.48 ,100.00 ,1928.75 ,0.98 
2024/2/10 16:40,0.00 ,1019.00 ,15.28 ,100.00 ,1531.42 ,0.65 
2024/2/10 16:50,0.00 ,1019.04 ,15.05 ,100.00 ,1193.67 ,0.40 
2024/2/10 17:00,0.03 ,1019.21 ,14.92 ,100.00 ,800.33 ,0.20 
2024/2/11 07:00,0.81 ,1022.44 ,11.21 ,100.00 ,6292.75 ,33.79 
2024/2/11 07:10,0.89 ,1022.56 ,12.69 ,100.00 ,9645.00 ,69.67 
2024/2/11 07:20,0.87 ,1022.66 ,14.08 ,100.00 ,15960.58 ,118.15 
2024/2/11 07:30,0.40 ,1022.75 ,15.79 ,100.00 ,23301.50 ,186.40 
2024/2/11 07:40,0.53 ,1022.83 ,18.08 ,100.00 ,30765.25 ,271.92 
2024/2/11 07:50,0.75 ,1022.82 ,19.83 ,100.00 ,37113.16 ,374.33 
2024/2/11 08:00,1.67 ,1022.99 ,21.06 ,100.00 ,43048.97 ,485.42 
2024/2/11 08:10,0.73 ,1023.00 ,22.17 ,99.02 ,49927.07 ,610.29 
2024/2/11 08:20,0.62 ,1023.04 ,24.09 ,88.01 ,56539.21 ,742.84 
2024/2/11 08:30,0.64 ,1023.14 ,25.80 ,73.15 ,63027.01 ,865.16 
2024/2/11 08:40,1.27 ,1023.14 ,27.04 ,62.51 ,70103.82 ,995.80 
2024/2/11 08:50,1.82 ,1023.16 ,27.33 ,56.63 ,75422.21 ,1124.55 
2024/2/11 09:00,0.88 ,1023.20 ,27.26 ,54.63 ,79796.34 ,1260.24 
2024/2/11 09:10,0.57 ,1023.20 ,28.60 ,52.07 ,83648.66 ,1386.42 
2024/2/11 09:20,1.08 ,1023.19 ,29.57 ,49.16 ,86647.83 ,1489.63 
2024/2/11 09:30,0.22 ,1023.18 ,30.48 ,46.90 ,89491.92 ,1567.33 
2024/2/11 09:40,0.12 ,1023.20 ,31.86 ,43.52 ,93629.58 ,1623.23 
2024/2/11 09:50,0.32 ,1023.20 ,34.10 ,39.77 ,97795.10 ,1665.08 
2024/2/11 10:00,0.87 ,1023.15 ,34.95 ,37.13 ,100180.09 ,1696.18 
2024/2/11 10:10,1.63 ,1023.14 ,33.15 ,35.91 ,103038.38 ,1779.16 
2024/2/11 10:20,2.41 ,1023.08 ,31.58 ,36.88 ,107541.16 ,1871.38 
2024/2/11 10:30,3.08 ,1023.07 ,30.33 ,36.75 ,111672.00 ,1957.71 
2024/2/11 10:40,2.27 ,1022.89 ,29.30 ,36.85 ,99024.88 ,1666.58 
2024/2/11 10:50,3.03 ,1022.78 ,28.63 ,36.66 ,104451.26 ,1851.98 
2024/2/11 11:00,2.58 ,1022.60 ,29.50 ,36.88 ,116965.96 ,1975.55 
2024/2/11 11:10,1.84 ,1022.44 ,30.81 ,34.87 ,114760.65 ,1927.69 
2024/2/11 11:20,1.45 ,1022.26 ,31.79 ,33.60 ,69205.62 ,996.12 
2024/2/11 11:30,1.60 ,1022.19 ,28.80 ,35.13 ,65596.00 ,938.09 
2024/2/11 11:40,2.93 ,1022.02 ,28.42 ,35.78 ,113667.43 ,2001.45 
2024/2/11 11:50,2.92 ,1021.95 ,29.35 ,34.18 ,111111.20 ,1967.09 
2024/2/11 12:00,3.29 ,1021.82 ,29.66 ,34.07 ,111755.74 ,1991.16 
2024/2/11 12:10,3.22 ,1021.70 ,29.46 ,33.83 ,110336.74 ,1969.34 
2024/2/11 12:20,3.18 ,1021.59 ,28.96 ,33.66 ,109594.46 ,1992.55 
2024/2/11 12:30,2.66 ,1021.47 ,29.59 ,34.00 ,107258.34 ,1938.15 
2024/2/11 12:40,3.52 ,1021.35 ,30.03 ,32.53 ,106461.60 ,1971.20 
2024/2/11 12:50,2.36 ,1021.07 ,30.62 ,32.17 ,109369.79 ,1967.05 
2024/2/11 13:00,2.56 ,1020.94 ,31.37 ,31.10 ,89430.63 ,1552.81 
2024/2/11 13:10,2.98 ,1020.80 ,28.75 ,32.75 ,30806.47 ,283.50 
2024/2/11 13:20,2.11 ,1020.69 ,24.70 ,37.20 ,21732.67 ,106.64 
2024/2/11 13:30,1.99 ,1020.63 ,23.44 ,40.66 ,22138.58 ,109.97 
2024/2/11 13:40,1.58 ,1020.63 ,23.38 ,41.14 ,22132.83 ,111.74 
2024/2/11 13:50,2.72 ,1020.57 ,23.23 ,41.41 ,23947.58 ,133.39 
2024/2/11 14:00,2.33 ,1020.47 ,23.14 ,42.05 ,23419.34 ,128.02 
2024/2/11 14:10,2.38 ,1020.43 ,23.23 ,41.63 ,24329.92 ,137.53 
2024/2/11 14:20,1.81 ,1020.40 ,23.37 ,41.64 ,23597.00 ,130.47 
2024/2/11 14:30,1.66 ,1020.34 ,23.65 ,40.97 ,22218.42 ,116.34 
2024/2/11 14:40,1.96 ,1020.29 ,23.29 ,39.50 ,21606.67 ,110.33 
2024/2/11 14:50,1.78 ,1020.29 ,23.10 ,40.77 ,19835.42 ,93.19 
2024/2/11 15:00,1.05 ,1020.34 ,23.18 ,41.21 ,17344.58 ,71.76 
2024/2/11 15:10,0.82 ,1020.35 ,23.06 ,41.54 ,16103.92 ,62.37 
2024/2/11 15:20,0.92 ,1020.31 ,22.72 ,41.75 ,14886.67 ,53.74 
2024/2/11 15:30,0.81 ,1020.32 ,22.61 ,42.45 ,13428.17 ,44.20 
2024/2/11 15:40,0.69 ,1020.32 ,22.23 ,43.49 ,11942.25 ,35.06 
2024/2/11 15:50,0.16 ,1020.33 ,21.82 ,44.62 ,11027.08 ,29.97 
2024/2/11 16:00,0.11 ,1020.44 ,21.62 ,45.27 ,10331.17 ,26.25 
2024/2/11 16:10,0.18 ,1020.51 ,21.58 ,45.93 ,9046.83 ,20.40 
2024/2/11 16:20,0.02 ,1020.64 ,21.39 ,46.35 ,8073.33 ,16.41 
2024/2/11 16:30,0.00 ,1020.75 ,21.13 ,47.03 ,7254.67 ,13.27 
2024/2/11 16:40,0.00 ,1020.89 ,20.79 ,48.32 ,6098.33 ,9.43 
2024/2/11 16:50,0.00 ,1020.89 ,20.22 ,50.07 ,4699.75 ,5.50 
2024/2/11 17:00,0.00 ,1020.92 ,19.42 ,51.99 ,3352.33 ,2.79 
2024/2/12 07:00,0.00 ,1022.54 ,12.97 ,100.00 ,3634.08 ,3.70 
2024/2/12 07:10,0.00 ,1022.66 ,13.39 ,100.00 ,4708.67 ,5.96 
2024/2/12 07:20,0.02 ,1022.77 ,13.86 ,100.00 ,5624.83 ,8.29 
2024/2/12 07:30,0.08 ,1022.81 ,14.31 ,100.00 ,6672.25 ,11.79 
2024/2/12 07:40,0.00 ,1022.89 ,14.82 ,100.00 ,8114.42 ,16.83 
2024/2/12 07:50,0.36 ,1022.98 ,15.31 ,100.00 ,9813.58 ,24.20 
2024/2/12 08:00,0.63 ,1023.10 ,15.81 ,100.00 ,11335.17 ,32.24 
2024/2/12 08:10,0.00 ,1023.22 ,16.48 ,100.00 ,13525.83 ,44.88 
2024/2/12 08:20,0.00 ,1023.25 ,17.32 ,96.34 ,15503.92 ,58.54 
2024/2/12 08:30,0.00 ,1023.29 ,18.08 ,89.86 ,16469.92 ,67.12 
2024/2/12 08:40,0.00 ,1023.44 ,18.72 ,85.48 ,18965.92 ,88.89 
2024/2/12 08:50,0.00 ,1023.34 ,19.99 ,80.43 ,23106.08 ,130.13 
2024/2/12 09:00,0.00 ,1023.31 ,20.91 ,74.87 ,25885.89 ,166.43 
2024/2/12 09:10,0.50 ,1023.41 ,22.36 ,68.69 ,41273.43 ,463.57 
2024/2/12 09:20,0.00 ,1023.33 ,24.88 ,62.34 ,50539.98 ,593.79 
2024/2/12 09:30,1.13 ,1023.31 ,26.50 ,55.72 ,46651.19 ,520.09 
2024/2/12 09:40,0.13 ,1023.19 ,26.14 ,52.81 ,41659.61 ,408.01 
2024/2/12 09:50,0.00 ,1023.11 ,26.35 ,51.51 ,60187.76 ,845.23 
2024/2/12 10:00,0.21 ,1022.98 ,27.98 ,48.60 ,68866.49 ,1055.95 
2024/2/12 10:10,0.51 ,1022.86 ,28.80 ,44.63 ,46366.92 ,491.77 
2024/2/12 10:20,0.00 ,1022.75 ,27.29 ,44.89 ,45865.95 ,479.69 
2024/2/12 10:30,0.00 ,1022.60 ,26.83 ,44.75 ,46938.69 ,487.50 
2024/2/12 10:40,0.00 ,1022.44 ,28.26 ,44.14 ,87298.65 ,1432.50 
2024/2/12 10:50,0.00 ,1022.20 ,33.33 ,38.47 ,101993.32 ,1683.56 
2024/2/12 11:00,0.00 ,1022.08 ,36.66 ,33.21 ,113014.99 ,1819.71 
2024/2/12 11:10,0.00 ,1021.99 ,38.84 ,29.60 ,114688.95 ,1802.98 
2024/2/12 11:20,0.73 ,1021.78 ,38.87 ,27.40 ,97845.77 ,1612.44 
2024/2/12 11:30,0.66 ,1021.60 ,35.67 ,28.58 ,78762.96 ,1257.04 
2024/2/12 11:40,0.87 ,1021.44 ,33.62 ,30.51 ,45116.66 ,461.57 
2024/2/12 11:50,1.97 ,1021.27 ,30.77 ,33.17 ,51254.96 ,652.30 
2024/2/12 12:00,0.70 ,1021.17 ,30.30 ,34.71 ,44856.88 ,548.94 
2024/2/12 12:10,0.07 ,1021.11 ,29.80 ,35.12 ,28568.83 ,195.37 
2024/2/12 12:20,0.00 ,1020.87 ,29.54 ,35.99 ,29360.42 ,210.59 
2024/2/12 12:30,0.00 ,1020.68 ,29.68 ,36.17 ,34136.83 ,286.89 
2024/2/12 12:40,0.86 ,1020.54 ,29.55 ,36.51 ,30677.67 ,236.18 
2024/2/12 12:50,0.50 ,1020.39 ,27.93 ,38.95 ,23313.00 ,140.41 
2024/2/12 13:00,0.98 ,1020.28 ,26.75 ,41.22 ,24628.92 ,154.22 
2024/2/12 13:10,0.30 ,1020.19 ,25.98 ,42.56 ,24902.42 ,152.28 
2024/2/12 13:20,1.38 ,1020.04 ,25.94 ,43.02 ,24551.33 ,146.47 
2024/2/12 13:30,0.35 ,1019.95 ,25.74 ,43.33 ,25698.42 ,159.90 
2024/2/12 13:40,0.31 ,1019.90 ,26.45 ,42.53 ,26695.42 ,169.12 
2024/2/12 13:50,0.36 ,1019.83 ,26.23 ,42.87 ,21358.50 ,108.51 
2024/2/12 14:00,0.00 ,1019.71 ,25.26 ,45.93 ,18122.67 ,79.54 
2024/2/12 14:10,0.03 ,1019.62 ,24.44 ,47.84 ,13050.55 ,44.48 
2024/2/12 14:20,0.27 ,1019.59 ,23.40 ,49.80 ,8073.33 ,17.84 
2024/2/12 14:30,0.22 ,1019.58 ,22.32 ,52.23 ,5745.50 ,9.07 
2024/2/12 14:40,0.38 ,1019.50 ,21.50 ,54.23 ,4062.00 ,4.45 
2024/2/12 14:50,0.00 ,1019.45 ,20.91 ,55.95 ,3567.17 ,3.35 
2024/2/12 15:00,0.00 ,1019.47 ,20.72 ,57.35 ,3288.17 ,2.76 
2024/2/12 15:10,0.02 ,1019.45 ,20.53 ,58.13 ,3304.92 ,2.74 
2024/2/12 15:20,0.00 ,1019.45 ,20.33 ,58.79 ,3588.25 ,3.25 
2024/2/12 15:30,0.00 ,1019.49 ,20.22 ,59.04 ,3578.42 ,3.25 
2024/2/12 15:40,0.00 ,1019.56 ,20.20 ,59.44 ,3556.17 ,3.29 
2024/2/12 15:50,0.00 ,1019.66 ,20.15 ,61.48 ,3250.58 ,2.77 
2024/2/12 16:00,0.00 ,1019.74 ,19.95 ,64.40 ,2811.25 ,2.11 
2024/2/12 16:10,0.00 ,1019.81 ,19.77 ,66.83 ,2344.42 ,1.48 
2024/2/12 16:20,0.00 ,1019.92 ,19.52 ,68.94 ,1740.92 ,0.86 
2024/2/12 16:30,0.02 ,1020.00 ,19.26 ,70.60 ,1382.42 ,0.57 
2024/2/12 16:40,0.00 ,1020.15 ,19.02 ,72.38 ,1189.83 ,0.42 
2024/2/12 16:50,0.27 ,1020.24 ,18.83 ,71.80 ,1070.25 ,0.34 
2024/2/12 17:00,0.03 ,1020.33 ,18.78 ,70.09 ,883.25 ,0.26 
2024/2/13 07:00,0.00 ,1020.09 ,13.77 ,100.00 ,7423.66 ,33.25 
2024/2/13 07:10,0.00 ,1020.25 ,16.74 ,100.00 ,13658.67 ,94.83 
2024/2/13 07:20,0.00 ,1020.37 ,20.00 ,98.43 ,20788.42 ,173.07 
2024/2/13 07:30,0.00 ,1020.39 ,22.31 ,85.83 ,27543.08 ,262.77 
2024/2/13 07:40,0.00 ,1020.36 ,24.54 ,74.05 ,33651.17 ,346.68 
2024/2/13 07:50,0.00 ,1020.40 ,25.75 ,66.05 ,36250.08 ,371.63 
2024/2/13 08:00,0.00 ,1020.39 ,25.27 ,62.66 ,34646.85 ,308.06 
2024/2/13 08:10,0.00 ,1020.32 ,25.52 ,61.38 ,47918.98 ,555.92 
2024/2/13 08:20,0.00 ,1020.26 ,26.79 ,58.09 ,56758.25 ,749.09 
2024/2/13 08:30,0.51 ,1020.30 ,26.98 ,55.70 ,47501.25 ,534.60 
2024/2/13 08:40,0.31 ,1020.37 ,25.71 ,56.16 ,39513.48 ,359.35 
2024/2/13 08:50,0.11 ,1020.40 ,25.83 ,57.01 ,53458.27 ,694.27 
2024/2/14 07:00,0.19 ,1016.86 ,14.58 ,100.00 ,8841.83 ,73.24 
2024/2/14 07:10,0.03 ,1016.90 ,16.83 ,100.00 ,15168.25 ,128.49 
2024/2/14 07:20,0.69 ,1016.87 ,18.69 ,100.00 ,21473.58 ,192.17 
2024/2/14 07:30,0.44 ,1016.92 ,20.24 ,99.73 ,27532.75 ,267.39 
2024/2/14 07:40,0.00 ,1016.99 ,21.60 ,91.07 ,34101.33 ,351.65 
2024/2/14 07:50,0.80 ,1017.04 ,23.20 ,80.63 ,40955.00 ,451.79 
2024/2/14 08:00,0.47 ,1017.02 ,24.63 ,71.62 ,47900.19 ,565.82 
2024/2/14 08:10,0.99 ,1016.93 ,25.99 ,64.25 ,55302.60 ,687.46 
2024/2/14 08:20,0.26 ,1017.10 ,27.32 ,59.58 ,60868.24 ,809.27 
2024/2/14 08:30,0.50 ,1017.15 ,28.76 ,54.22 ,67071.95 ,944.13 
2024/2/14 08:40,0.18 ,1017.17 ,29.18 ,51.60 ,74164.76 ,1077.66 
2024/2/14 08:50,0.05 ,1017.17 ,30.30 ,48.94 ,79918.17 ,1203.61 
2024/2/14 09:00,0.20 ,1017.08 ,32.34 ,45.14 ,84715.29 ,1319.36 
2024/2/14 09:10,0.76 ,1016.99 ,33.33 ,41.55 ,87976.44 ,1426.79 
2024/2/14 09:20,0.91 ,1016.77 ,33.12 ,40.15 ,89951.92 ,1532.09 
2024/2/14 09:30,0.85 ,1016.71 ,33.78 ,38.86 ,92643.64 ,1596.71 
2024/2/14 09:40,1.15 ,1016.65 ,34.43 ,36.87 ,95952.41 ,1653.98 
2024/2/14 09:50,1.58 ,1016.47 ,34.64 ,35.97 ,97901.11 ,1707.80 
2024/2/14 10:00,2.34 ,1016.47 ,34.36 ,35.51 ,100805.22 ,1758.06 
2024/2/14 10:10,1.93 ,1016.36 ,34.18 ,35.66 ,103708.79 ,1781.72 
2024/2/14 10:20,1.51 ,1016.15 ,34.71 ,34.91 ,105654.09 ,1798.35 
2024/2/14 10:30,2.01 ,1015.94 ,35.40 ,33.24 ,106520.72 ,1818.27 
2024/2/14 10:40,0.93 ,1015.73 ,36.01 ,32.51 ,107487.98 ,1808.26 
2024/2/14 10:50,0.85 ,1015.54 ,37.28 ,31.12 ,109672.98 ,1792.44 
2024/2/14 11:00,0.73 ,1015.35 ,38.33 ,29.60 ,111867.68 ,1783.40 
2024/2/14 11:10,1.20 ,1015.18 ,39.32 ,28.08 ,112579.96 ,1795.03 
2024/2/14 11:20,0.54 ,1015.07 ,39.48 ,27.08 ,112642.85 ,1798.28 
2024/2/14 11:30,0.63 ,1014.82 ,40.03 ,25.96 ,112337.92 ,1770.24 
2024/2/14 11:40,0.77 ,1014.64 ,40.44 ,25.33 ,110734.75 ,1782.23 
2024/2/14 11:50,0.42 ,1014.41 ,40.46 ,25.55 ,109045.33 ,1775.65 
2024/2/14 12:00,0.66 ,1014.13 ,39.98 ,25.57 ,108832.58 ,1781.42 
2024/2/14 12:10,0.81 ,1013.88 ,40.14 ,25.65 ,108701.41 ,1772.49 
2024/2/14 12:20,0.65 ,1013.67 ,40.68 ,25.26 ,105754.17 ,1752.70 
2024/2/14 12:30,0.24 ,1013.44 ,40.23 ,25.41 ,104626.45 ,1742.72 
2024/2/14 12:40,1.75 ,1013.17 ,40.82 ,25.03 ,102986.27 ,1744.88 
2024/2/14 12:50,1.15 ,1013.00 ,39.83 ,25.63 ,102097.17 ,1760.82 
2024/2/14 13:00,0.51 ,1012.78 ,39.65 ,26.20 ,101327.75 ,1703.12 
2024/2/14 13:10,1.00 ,1012.57 ,40.95 ,25.52 ,98732.89 ,1674.51 
2024/2/14 13:20,1.27 ,1012.43 ,40.03 ,26.21 ,95948.63 ,1687.08 
2024/2/14 13:30,1.48 ,1012.28 ,39.39 ,26.48 ,94433.15 ,1656.67 
2024/2/14 13:40,2.46 ,1012.16 ,38.84 ,26.81 ,91041.91 ,1630.25 
2024/2/14 13:50,1.55 ,1012.13 ,38.50 ,27.31 ,86165.91 ,1560.46 
2024/2/14 14:00,1.15 ,1012.05 ,38.86 ,27.43 ,79373.18 ,1494.34 
2024/2/14 14:10,0.98 ,1012.03 ,39.08 ,27.70 ,74741.38 ,1417.35 
2024/2/14 14:20,1.80 ,1011.99 ,38.29 ,28.90 ,70946.20 ,1333.07 
2024/2/14 14:30,2.26 ,1011.97 ,36.49 ,31.43 ,65740.65 ,1230.09 
2024/2/14 14:40,1.85 ,1012.03 ,35.22 ,33.97 ,61863.53 ,1118.00 
2024/2/14 14:50,1.59 ,1011.99 ,34.45 ,35.97 ,57126.43 ,995.70 
2024/2/14 15:00,1.21 ,1011.96 ,34.11 ,37.18 ,52379.26 ,873.74 
2024/2/14 15:10,1.15 ,1011.96 ,33.85 ,38.39 ,48813.54 ,751.40 
2024/2/14 15:20,1.10 ,1011.97 ,33.70 ,39.50 ,46455.33 ,627.78 
2024/2/14 15:30,1.05 ,1012.03 ,33.17 ,40.86 ,43363.80 ,521.64 
2024/2/14 15:40,1.11 ,1011.98 ,32.57 ,42.45 ,39561.13 ,421.10 
2024/2/14 15:50,0.93 ,1012.05 ,31.78 ,43.84 ,36572.25 ,333.08 
2024/2/14 16:00,0.69 ,1012.10 ,31.32 ,45.13 ,33737.92 ,249.76 
2024/2/14 16:10,0.42 ,1012.13 ,30.98 ,45.93 ,30109.25 ,180.35 
2024/2/14 16:20,0.51 ,1012.22 ,30.31 ,47.50 ,24443.75 ,116.67 
2024/2/14 16:30,0.54 ,1012.30 ,29.53 ,49.17 ,20480.00 ,78.80 
2024/2/14 16:40,0.26 ,1012.31 ,28.54 ,51.16 ,11292.50 ,26.61 
2024/2/14 16:50,0.24 ,1012.37 ,26.27 ,56.00 ,6188.42 ,6.94 
2024/2/14 17:00,0.06 ,1012.45 ,24.71 ,61.24 ,4932.58 ,4.50 
2024/2/15 07:00,0.03 ,1013.80 ,17.06 ,100.00 ,9046.83 ,57.80 
2024/2/15 07:10,0.40 ,1013.88 ,19.06 ,100.00 ,14788.67 ,105.70 
2024/2/15 07:20,0.63 ,1013.96 ,20.80 ,100.00 ,21193.58 ,172.67 
2024/2/15 07:30,0.00 ,1014.01 ,22.72 ,96.12 ,26768.83 ,246.64 
2024/2/15 07:40,0.51 ,1013.98 ,24.76 ,83.74 ,33473.42 ,337.49 
2024/2/15 07:50,1.35 ,1013.99 ,25.96 ,73.95 ,40764.54 ,441.15 
2024/2/15 08:00,0.97 ,1014.06 ,26.71 ,67.91 ,47874.32 ,554.12 
2024/2/15 08:10,0.97 ,1014.01 ,27.86 ,62.52 ,55379.68 ,675.98 
2024/2/15 08:20,1.19 ,1014.03 ,29.18 ,58.02 ,61342.97 ,797.40 
2024/2/15 08:30,0.85 ,1013.92 ,29.92 ,54.72 ,67196.65 ,928.36 
2024/2/15 08:40,0.82 ,1013.94 ,31.02 ,50.79 ,74276.34 ,1064.42 
2024/2/15 08:50,0.84 ,1013.97 ,32.63 ,47.27 ,78544.46 ,1148.15 
2024/2/15 09:00,1.34 ,1013.91 ,33.01 ,44.60 ,82460.65 ,1256.63 
2024/2/15 09:10,0.76 ,1016.99 ,33.33 ,41.55 ,87976.44 ,1426.79 
2024/2/15 09:20,0.91 ,1016.77 ,33.12 ,40.15 ,89951.92 ,1532.09 
2024/2/15 09:30,0.85 ,1016.71 ,33.78 ,38.86 ,92643.64 ,1596.71 
2024/2/15 09:40,1.15 ,1016.65 ,34.43 ,36.87 ,95952.41 ,1653.98 
2024/2/15 09:50,1.58 ,1016.47 ,34.64 ,35.97 ,97901.11 ,1707.80 
2024/2/15 10:00,2.34 ,1016.47 ,34.36 ,35.51 ,100805.22 ,1758.06 
2024/2/15 10:10,1.93 ,1016.36 ,34.18 ,35.66 ,103708.79 ,1781.72 
2024/2/15 10:20,1.51 ,1016.15 ,34.71 ,34.91 ,105654.09 ,1798.35 
2024/2/15 10:30,2.01 ,1015.94 ,35.40 ,33.24 ,106520.72 ,1818.27 
2024/2/15 10:40,0.93 ,1015.73 ,36.01 ,32.51 ,107487.98 ,1808.26 
2024/2/15 10:50,0.85 ,1015.54 ,37.28 ,31.12 ,109672.98 ,1792.44 
2024/2/15 11:00,0.99 ,1013.05 ,36.37 ,37.62 ,99639.41 ,1567.29 
2024/2/15 11:10,1.24 ,1012.09 ,40.65 ,30.43 ,112551.03 ,1772.47 
2024/2/15 11:20,0.85 ,1012.03 ,40.89 ,30.47 ,113148.85 ,1782.45 
2024/2/15 11:30,0.64 ,1011.81 ,41.68 ,30.37 ,113189.46 ,1771.65 
2024/2/15 11:40,1.18 ,1011.56 ,41.89 ,30.00 ,114085.20 ,1801.41 
2024/2/15 11:50,0.62 ,1011.49 ,41.60 ,30.58 ,96836.05 ,1471.63 
2024/2/15 12:00,1.00 ,1011.37 ,40.36 ,32.25 ,60424.22 ,1020.73 
2024/2/15 12:10,0.97 ,1011.23 ,39.83 ,33.95 ,108981.90 ,1750.56 
2024/2/15 12:20,0.38 ,1011.00 ,41.15 ,32.51 ,77802.08 ,1132.26 
2024/2/15 12:30,1.49 ,1010.86 ,41.37 ,33.08 ,103826.31 ,1682.27 
2024/2/15 12:40,1.35 ,1010.73 ,40.32 ,34.38 ,66109.70 ,945.62 
2024/2/15 12:50,1.44 ,1010.60 ,37.78 ,37.96 ,71460.39 ,1096.39 
2024/2/15 13:00,1.75 ,1010.41 ,37.25 ,39.29 ,89645.74 ,1608.90 
2024/2/15 13:10,2.00 ,1010.32 ,37.39 ,39.42 ,95805.24 ,1678.66 
2024/2/15 13:20,2.27 ,1010.32 ,37.95 ,38.73 ,95002.22 ,1707.70 
2024/2/15 13:30,2.15 ,1010.26 ,37.44 ,39.21 ,87765.90 ,1657.57 
2024/2/15 13:40,2.10 ,1010.21 ,37.41 ,39.64 ,88807.67 ,1601.66 
2024/2/15 13:50,1.95 ,1010.14 ,37.34 ,39.92 ,85659.91 ,1582.05 
2024/2/15 14:00,1.82 ,1010.06 ,37.62 ,39.61 ,71375.06 ,1267.49 
2024/2/15 14:10,1.55 ,1009.98 ,36.83 ,40.33 ,52260.11 ,772.01 
2024/2/15 14:20,1.29 ,1009.99 ,34.85 ,43.33 ,34356.58 ,280.29 
2024/2/15 14:30,1.51 ,1009.98 ,33.10 ,46.72 ,29614.42 ,208.63 
2024/2/15 14:40,1.56 ,1009.89 ,31.64 ,50.36 ,22293.42 ,115.58 
2024/2/15 14:50,1.15 ,1009.88 ,30.32 ,53.64 ,18713.84 ,79.43 
2024/2/15 15:00,1.18 ,1009.80 ,29.64 ,56.36 ,18520.08 ,80.91 
2024/2/15 15:10,0.78 ,1009.85 ,28.88 ,59.14 ,12714.58 ,36.70 
2024/2/15 15:20,0.27 ,1009.92 ,28.30 ,61.32 ,12633.00 ,37.07 
2024/2/15 15:30,0.87 ,1010.05 ,28.14 ,62.62 ,14070.08 ,46.21 
2024/2/15 15:40,0.49 ,1010.19 ,28.12 ,63.07 ,13862.92 ,45.80 
2024/2/15 15:50,0.55 ,1010.26 ,28.23 ,63.26 ,16245.50 ,63.69 
2024/2/15 16:00,0.52 ,1010.35 ,28.14 ,63.31 ,16725.25 ,68.17 
2024/2/15 16:10,0.17 ,1010.44 ,29.02 ,62.23 ,24837.92 ,152.98 
2024/2/15 16:20,0.24 ,1010.41 ,29.16 ,60.18 ,9516.25 ,23.06 
2024/2/15 16:30,0.13 ,1010.55 ,27.56 ,63.79 ,6085.42 ,9.24 
2024/2/15 16:40,0.21 ,1010.67 ,26.50 ,67.89 ,5394.75 ,7.26 
2024/2/15 16:50,0.03 ,1010.76 ,26.02 ,70.64 ,5797.59 ,8.81 
2024/2/15 17:00,0.00 ,1010.96 ,25.82 ,72.37 ,2898.42 ,2.35 
2024/2/16 07:00,0.00 ,1015.40 ,17.50 ,100.00 ,932.00 ,0.31 
2024/2/16 07:10,0.00 ,1015.51 ,17.56 ,100.00 ,1393.33 ,0.65 
2024/2/16 07:20,0.00 ,1015.63 ,17.69 ,100.00 ,1940.50 ,1.20 
2024/2/16 07:30,0.00 ,1015.74 ,17.90 ,100.00 ,3366.25 ,3.25 
2024/2/16 07:40,0.00 ,1015.83 ,18.10 ,100.00 ,3675.08 ,3.94 
2024/2/16 07:50,0.00 ,1015.90 ,18.23 ,100.00 ,4815.25 ,6.50 
2024/2/16 08:00,0.00 ,1015.95 ,18.53 ,100.00 ,5353.58 ,7.73 
2024/2/16 08:10,0.00 ,1016.06 ,18.72 ,100.00 ,6372.58 ,10.68 
2024/2/16 08:20,0.00 ,1016.13 ,18.97 ,100.00 ,6430.33 ,10.99 
2024/2/16 08:30,0.00 ,1016.23 ,19.10 ,100.00 ,5912.42 ,9.06 
2024/2/16 08:40,0.00 ,1016.26 ,19.27 ,100.00 ,6492.00 ,10.70 
2024/2/16 08:50,0.00 ,1016.24 ,19.30 ,100.00 ,6276.67 ,10.24 
2024/2/16 09:00,0.00 ,1016.25 ,19.50 ,100.00 ,8141.33 ,16.48 
2024/2/16 09:10,0.00 ,1016.29 ,19.86 ,100.00 ,10317.42 ,25.25 
2024/2/16 09:20,0.00 ,1016.37 ,20.13 ,100.00 ,8559.50 ,17.84 
2024/2/16 09:30,0.00 ,1016.39 ,20.41 ,100.00 ,10951.75 ,28.20 
2024/2/16 09:40,0.00 ,1016.36 ,20.81 ,100.00 ,11781.75 ,32.42 
2024/2/16 09:50,0.00 ,1016.37 ,20.74 ,100.00 ,11495.83 ,30.99 
2024/2/16 10:00,0.00 ,1016.36 ,20.41 ,100.00 ,12458.92 ,37.11 
2024/2/16 10:10,0.00 ,1016.35 ,20.34 ,100.00 ,14053.67 ,47.66 
2024/2/16 10:20,0.00 ,1016.26 ,20.73 ,100.00 ,14895.92 ,53.60 
2024/2/16 10:30,0.00 ,1016.18 ,21.29 ,100.00 ,18056.67 ,76.27 
2024/2/16 10:40,0.00 ,1016.15 ,21.57 ,100.00 ,14054.42 ,48.95 
2024/2/16 10:50,0.00 ,1016.11 ,21.37 ,100.00 ,15465.67 ,60.66 
2024/2/16 11:00,0.00 ,1016.01 ,21.70 ,100.00 ,14250.33 ,52.38 
2024/2/16 11:10,0.00 ,1015.90 ,21.34 ,100.00 ,15896.58 ,63.71 
2024/2/16 11:20,0.00 ,1015.77 ,21.22 ,100.00 ,14381.17 ,54.39 
2024/2/16 11:30,0.00 ,1015.68 ,20.67 ,100.00 ,23269.67 ,124.63 
2024/2/16 11:40,0.00 ,1015.58 ,21.26 ,100.00 ,34985.25 ,283.45 
2024/2/16 11:50,0.00 ,1015.35 ,22.72 ,100.00 ,36019.39 ,307.22 
2024/2/16 12:00,0.00 ,1015.16 ,24.09 ,100.00 ,40805.06 ,387.03 
2024/2/16 12:10,0.00 ,1015.00 ,24.67 ,99.81 ,31620.59 ,229.63 
2024/2/16 12:20,0.00 ,1014.86 ,24.50 ,99.07 ,29691.67 ,202.31 
2024/2/16 12:30,0.00 ,1014.74 ,24.81 ,96.42 ,27705.92 ,179.78 
2024/2/16 12:40,0.00 ,1014.59 ,25.30 ,94.81 ,26373.50 ,163.89 
2024/2/16 12:50,0.03 ,1014.44 ,25.52 ,91.69 ,27276.58 ,175.57 
2024/2/16 13:00,0.00 ,1014.33 ,25.46 ,84.08 ,26289.67 ,163.11 
2024/2/16 13:10,0.00 ,1014.19 ,25.31 ,84.04 ,29423.92 ,203.45 
2024/2/16 13:20,0.00 ,1014.05 ,26.28 ,80.34 ,28034.75 ,183.65 
2024/2/16 13:30,0.00 ,1013.87 ,26.71 ,76.07 ,33154.17 ,257.76 
2024/2/16 13:40,0.00 ,1013.68 ,27.54 ,71.01 ,35567.00 ,298.16 
2024/2/16 13:50,0.00 ,1013.54 ,28.28 ,66.93 ,31990.25 ,244.57 
2024/2/16 14:00,0.00 ,1013.42 ,27.12 ,65.14 ,23251.50 ,125.98 
2024/2/16 14:10,0.00 ,1013.35 ,25.99 ,67.78 ,19746.00 ,92.18 
2024/2/16 14:20,0.00 ,1013.33 ,26.25 ,69.18 ,24533.25 ,139.58 
2024/2/16 14:30,0.00 ,1013.26 ,26.22 ,66.52 ,19084.92 ,88.64 
2024/2/16 14:40,0.00 ,1013.17 ,25.90 ,68.23 ,19006.25 ,84.77 
2024/2/16 14:50,0.00 ,1013.14 ,25.19 ,67.48 ,13254.08 ,43.18 
2024/2/16 15:00,0.00 ,1013.16 ,23.85 ,70.76 ,9724.25 ,22.34 
2024/2/16 15:10,0.00 ,1013.17 ,23.04 ,74.32 ,7309.42 ,12.87 
2024/2/16 15:20,0.00 ,1013.18 ,21.90 ,77.82 ,5952.00 ,8.61 
2024/2/16 15:30,0.00 ,1013.17 ,21.10 ,82.41 ,5193.00 ,6.70 
2024/2/16 15:40,0.00 ,1013.16 ,20.77 ,85.56 ,5650.08 ,7.90 
2024/2/16 15:50,0.00 ,1013.19 ,20.73 ,86.94 ,5612.25 ,7.73 
2024/2/16 16:00,0.00 ,1013.24 ,20.75 ,87.26 ,3947.17 ,4.18 
2024/2/16 16:10,0.02 ,1013.37 ,20.52 ,89.27 ,3851.08 ,3.69 
2024/2/16 16:20,0.00 ,1013.48 ,20.30 ,91.46 ,2572.50 ,1.79 
2024/2/16 16:30,0.00 ,1013.53 ,20.04 ,93.71 ,2286.67 ,1.43 
2024/2/16 16:40,0.00 ,1013.62 ,19.82 ,95.47 ,2153.50 ,1.31 
2024/2/16 16:50,0.00 ,1013.76 ,19.75 ,96.81 ,1688.00 ,0.83 
2024/2/16 17:00,0.00 ,1013.90 ,19.61 ,98.03 ,1035.83 ,0.35 
2024/2/17 07:00,0.00 ,1013.21 ,16.44 ,100.00 ,3800.92 ,3.85 
2024/2/17 07:10,0.00 ,1013.31 ,16.68 ,100.00 ,5252.00 ,6.88 
2024/2/17 07:20,0.00 ,1013.39 ,16.98 ,100.00 ,7184.34 ,13.82 
2024/2/17 07:30,0.00 ,1013.43 ,17.54 ,100.00 ,11450.25 ,38.09 
2024/2/17 07:40,0.00 ,1013.43 ,18.45 ,100.00 ,10897.17 ,27.78 
2024/2/17 07:50,0.00 ,1013.50 ,18.51 ,100.00 ,13986.33 ,45.44 
2024/2/17 08:00,0.00 ,1013.59 ,19.14 ,100.00 ,16776.50 ,65.52 
2024/2/17 08:10,0.00 ,1013.65 ,20.22 ,100.00 ,29061.70 ,240.36 
2024/2/17 08:20,0.00 ,1013.68 ,22.60 ,100.00 ,27891.19 ,182.62 
2024/2/17 08:30,0.00 ,1013.72 ,22.96 ,100.00 ,23382.67 ,124.97 
2024/2/17 08:40,0.00 ,1013.75 ,25.12 ,100.00 ,76976.23 ,1325.58 
2024/2/17 08:50,0.00 ,1013.71 ,31.30 ,92.74 ,84808.36 ,1317.20 
2024/2/17 09:00,0.00 ,1013.69 ,34.85 ,70.08 ,76441.22 ,1082.56 
2024/2/17 09:10,0.00 ,1013.63 ,33.72 ,60.59 ,33843.18 ,245.71 
2024/2/17 09:20,0.00 ,1013.60 ,32.74 ,63.03 ,95213.23 ,1549.47 
2024/2/17 09:30,0.00 ,1013.49 ,36.67 ,53.43 ,93732.19 ,1494.25 
2024/2/17 09:40,0.00 ,1013.39 ,36.91 ,49.17 ,60697.57 ,914.92 
2024/2/17 09:50,0.00 ,1013.31 ,36.47 ,49.40 ,106725.92 ,1739.12 
2024/2/17 10:00,0.00 ,1013.25 ,39.13 ,43.98 ,108472.85 ,1754.52 
2024/2/17 10:10,0.00 ,1013.16 ,39.52 ,41.33 ,112245.03 ,1768.32 
2024/2/17 10:20,0.00 ,1013.08 ,39.99 ,39.68 ,115597.81 ,1788.33 
2024/2/17 10:30,0.00 ,1012.95 ,41.36 ,37.23 ,110578.43 ,1686.53 
2024/2/17 10:40,0.00 ,1012.80 ,42.05 ,35.67 ,106273.11 ,1658.92 
2024/2/17 10:50,0.00 ,1012.64 ,41.26 ,35.29 ,110197.67 ,1714.68 
2024/2/17 11:00,0.00 ,1012.55 ,41.70 ,34.73 ,115509.59 ,1811.92 
2024/2/17 11:10,0.02 ,1012.37 ,43.36 ,32.51 ,117758.20 ,1883.89 
2024/2/17 11:20,0.00 ,1012.16 ,40.64 ,34.20 ,106293.96 ,1717.99 
2024/2/17 11:30,0.00 ,1012.01 ,39.37 ,36.07 ,113664.74 ,1841.13 
2024/2/17 11:40,0.77 ,1011.83 ,39.09 ,36.72 ,117758.20 ,1885.04 
2024/2/17 11:50,0.90 ,1011.66 ,39.14 ,36.59 ,115513.36 ,1850.80 
2024/2/17 12:00,0.83 ,1011.43 ,40.11 ,35.56 ,117758.20 ,1830.16 
2024/2/17 12:10,1.50 ,1011.24 ,39.35 ,35.81 ,109411.18 ,1756.08 
2024/2/17 12:20,1.87 ,1011.10 ,38.29 ,37.00 ,117758.20 ,1928.55 
2024/2/17 12:30,1.99 ,1011.02 ,37.39 ,37.63 ,65675.15 ,935.97 
2024/2/17 12:40,1.71 ,1010.99 ,33.50 ,43.30 ,50076.45 ,612.81 
2024/2/17 12:50,1.85 ,1010.90 ,32.20 ,46.67 ,40284.91 ,371.50 
2024/2/17 13:00,1.79 ,1010.86 ,30.57 ,49.94 ,69162.12 ,1058.34 
2024/2/17 13:10,2.04 ,1010.71 ,33.24 ,46.27 ,69936.17 ,986.79 
2024/2/17 13:20,1.73 ,1010.64 ,32.49 ,46.62 ,38683.96 ,343.90 
2024/2/17 13:30,1.90 ,1010.56 ,30.88 ,50.76 ,22957.42 ,122.90 
2024/2/17 13:40,1.56 ,1010.44 ,28.60 ,56.20 ,18363.00 ,79.15 
2024/2/17 13:50,1.66 ,1010.32 ,27.56 ,60.81 ,22003.25 ,109.86 
2024/2/17 14:00,1.33 ,1010.19 ,27.23 ,63.12 ,15246.33 ,54.11 
2024/2/17 14:10,0.75 ,1010.18 ,26.48 ,65.84 ,12207.42 ,35.44 
2024/2/17 14:20,1.17 ,1010.15 ,25.97 ,68.64 ,13016.92 ,41.01 
2024/2/17 14:30,0.57 ,1010.09 ,25.73 ,71.10 ,16011.92 ,60.89 
2024/2/17 14:40,0.63 ,1010.06 ,26.06 ,71.20 ,17014.42 ,70.32 
2024/2/17 14:50,0.40 ,1010.03 ,26.63 ,69.87 ,22883.00 ,125.02 
2024/2/17 15:00,0.44 ,1009.98 ,27.51 ,67.60 ,22823.42 ,121.61 
2024/2/17 15:10,0.65 ,1009.96 ,27.87 ,66.41 ,25165.08 ,149.89 
2024/2/17 15:20,0.31 ,1010.00 ,27.85 ,65.74 ,19104.58 ,86.19 
2024/2/17 15:30,0.07 ,1009.96 ,27.83 ,65.37 ,21406.50 ,110.89 
2024/2/17 15:40,0.10 ,1009.99 ,28.36 ,64.29 ,20212.08 ,98.95 
2024/2/17 15:50,0.04 ,1010.08 ,27.86 ,65.57 ,15594.00 ,58.08 
2024/2/17 16:00,0.48 ,1010.13 ,27.03 ,68.33 ,16002.67 ,60.88 
2024/2/17 16:10,0.09 ,1010.19 ,26.39 ,71.04 ,12319.17 ,35.65 
2024/2/17 16:20,0.06 ,1010.23 ,25.71 ,75.10 ,9605.92 ,21.99 
2024/2/17 16:30,0.00 ,1010.34 ,24.94 ,79.72 ,7550.58 ,13.56 
2024/2/17 16:40,0.00 ,1010.47 ,24.46 ,82.44 ,6278.25 ,9.46 
2024/2/17 16:50,0.00 ,1010.52 ,24.05 ,85.09 ,5230.00 ,6.99 
2024/2/17 17:00,0.00 ,1010.60 ,23.72 ,87.35 ,4166.09 ,4.63 
2024/2/18 07:00,0.00 ,1011.76 ,19.28 ,100.00 ,5294.42 ,11.19 
2024/2/18 07:10,0.02 ,1011.83 ,20.92 ,100.00 ,10409.67 ,59.49 
2024/2/18 07:20,0.59 ,1011.91 ,21.83 ,100.00 ,6708.00 ,11.70 
2024/2/18 07:30,0.00 ,1011.93 ,21.23 ,100.00 ,9276.42 ,21.64 
2024/2/18 07:40,0.00 ,1011.98 ,21.67 ,100.00 ,11713.33 ,40.56 
2024/2/18 07:50,0.00 ,1012.04 ,21.94 ,100.00 ,12384.58 ,37.31 
2024/2/18 08:00,0.00 ,1012.15 ,22.18 ,100.00 ,14595.08 ,49.29 
2024/2/18 08:10,0.00 ,1012.29 ,22.46 ,100.00 ,16336.83 ,61.70 
2024/2/18 08:20,0.00 ,1012.44 ,22.97 ,100.00 ,16824.17 ,66.25 
2024/2/18 08:30,0.00 ,1012.47 ,23.57 ,99.06 ,20123.58 ,95.90 
2024/2/18 08:40,0.00 ,1012.49 ,24.60 ,94.65 ,24938.50 ,142.86 
2024/2/18 08:50,0.00 ,1012.55 ,25.89 ,88.50 ,30131.25 ,208.46 
2024/2/18 09:00,0.00 ,1012.46 ,27.01 ,80.53 ,36795.41 ,429.15 
2024/2/18 09:10,0.00 ,1012.42 ,31.10 ,69.75 ,102159.17 ,1635.70 
2024/2/18 09:20,0.03 ,1012.39 ,36.64 ,51.60 ,86450.53 ,1325.48 
2024/2/18 09:30,0.41 ,1012.38 ,35.46 ,45.90 ,52228.89 ,604.74 
2024/2/18 09:40,1.45 ,1012.41 ,33.59 ,47.42 ,78812.73 ,1162.66 
2024/2/18 09:50,1.08 ,1012.35 ,34.28 ,46.99 ,106842.90 ,1774.55 
2024/2/18 10:00,1.60 ,1012.25 ,36.73 ,43.64 ,108856.30 ,1777.27 
2024/2/18 10:10,1.41 ,1012.13 ,38.12 ,40.53 ,110212.94 ,1767.39 
2024/2/18 10:20,2.32 ,1012.07 ,39.26 ,38.58 ,110745.71 ,1792.06 
2024/2/18 10:30,2.38 ,1011.97 ,38.80 ,38.92 ,106468.43 ,1758.47 
2024/2/18 10:40,2.13 ,1011.84 ,38.49 ,39.72 ,112043.06 ,1823.72 
2024/2/18 10:50,1.79 ,1011.59 ,38.90 ,39.29 ,111575.15 ,1790.30 
2024/2/18 11:00,1.39 ,1011.45 ,39.30 ,38.83 ,111809.10 ,1770.84 
2024/2/18 11:10,1.39 ,1011.36 ,40.08 ,37.77 ,108636.54 ,1732.84 
2024/2/18 11:20,1.95 ,1011.19 ,39.89 ,37.79 ,110008.99 ,1782.31 
2024/2/18 11:30,1.59 ,1010.94 ,40.10 ,37.48 ,114006.32 ,1841.35 
2024/2/18 11:40,1.21 ,1010.67 ,40.16 ,37.21 ,84821.62 ,1314.23 
2024/2/18 11:50,0.99 ,1010.44 ,39.39 ,38.26 ,52593.21 ,702.96 
2024/2/18 12:00,2.19 ,1010.26 ,37.35 ,41.11 ,59692.78 ,828.18 
2024/2/18 12:10,2.52 ,1010.09 ,34.58 ,45.44 ,26610.17 ,165.75 
2024/2/18 12:20,2.10 ,1009.98 ,32.10 ,50.65 ,40846.86 ,385.81 
2024/2/18 12:30,2.87 ,1009.85 ,33.71 ,50.12 ,103414.47 ,1758.50 
2024/2/18 12:40,3.42 ,1009.68 ,35.61 ,46.00 ,81782.27 ,1353.81 
2024/2/18 12:50,3.15 ,1009.52 ,35.30 ,46.52 ,48666.58 ,579.89 
2024/2/18 13:00,2.10 ,1009.44 ,32.51 ,51.43 ,23587.08 ,126.14 
2024/2/18 13:10,2.05 ,1009.34 ,31.04 ,56.18 ,28177.25 ,177.79 
2024/2/18 13:20,2.40 ,1009.24 ,30.62 ,58.26 ,22999.25 ,121.50 
2024/2/18 13:30,1.92 ,1009.17 ,29.79 ,60.91 ,17717.92 ,73.49 
2024/2/18 13:40,1.25 ,1009.09 ,29.08 ,63.96 ,14962.67 ,52.85 
2024/2/18 13:50,1.93 ,1008.99 ,28.53 ,66.73 ,14559.50 ,49.35 
2024/2/18 14:00,2.47 ,1008.87 ,27.92 ,68.29 ,13006.67 ,40.28 
2024/2/18 14:10,0.74 ,1008.86 ,27.78 ,69.28 ,10787.33 ,28.21 
2024/2/18 14:20,0.39 ,1008.90 ,27.73 ,70.35 ,11993.75 ,36.30 
2024/2/18 14:30,0.92 ,1008.85 ,28.05 ,70.65 ,14803.75 ,52.35 
2024/2/18 14:40,0.65 ,1011.37 ,28.21 ,70.71 ,16100.21 ,61.97 
2024/2/18 14:50,0.08 ,1008.83 ,28.82 ,69.59 ,16529.72 ,64.90 
2024/2/18 15:00,0.81 ,1008.84 ,29.25 ,68.37 ,15629.42 ,57.52 
2024/2/18 15:10,0.42 ,1008.85 ,29.08 ,68.66 ,14220.09 ,47.91 
2024/2/18 15:20,0.52 ,1008.89 ,28.74 ,69.86 ,12669.07 ,38.59 
2024/2/18 15:30,0.44 ,1008.90 ,28.37 ,71.71 ,12110.56 ,34.68 
2024/2/18 15:40,0.28 ,1008.96 ,28.12 ,72.73 ,9414.75 ,21.39 
2024/2/18 15:50,0.23 ,1009.00 ,27.73 ,73.55 ,7734.92 ,14.72 
2024/2/18 16:00,0.00 ,1009.11 ,27.25 ,75.04 ,5941.42 ,8.92 
2024/2/18 16:10,0.00 ,1009.21 ,26.83 ,76.76 ,4709.08 ,5.76 
2024/2/18 16:20,0.00 ,1009.34 ,26.52 ,78.40 ,3515.00 ,3.39 
2024/2/18 16:30,0.00 ,1009.54 ,26.29 ,79.99 ,3261.02 ,2.90 
2024/2/18 16:40,0.00 ,1009.56 ,26.01 ,81.81 ,2958.24 ,2.41 
2024/2/18 16:50,0.00 ,1009.74 ,25.79 ,82.87 ,2456.83 ,1.70 
2024/2/18 17:00,0.00 ,1009.78 ,25.69 ,83.98 ,2370.28 ,1.62 
2024/2/20 07:00,0.00 ,1011.94 ,22.93 ,100.00 ,10095.73 ,117.06 
2024/2/20 07:10,0.00 ,1012.02 ,25.60 ,100.00 ,16603.25 ,172.17 
2024/2/20 07:20,0.02 ,1012.13 ,27.41 ,100.00 ,22705.46 ,240.90 
2024/2/20 07:30,0.00 ,1012.27 ,28.24 ,91.87 ,28288.98 ,326.98 
2024/2/20 07:40,0.00 ,1012.30 ,29.20 ,79.31 ,36580.75 ,442.26 
2024/2/20 07:50,0.00 ,1012.31 ,31.03 ,69.92 ,45327.07 ,552.87 
2024/2/20 08:00,0.00 ,1012.28 ,32.89 ,61.36 ,53765.91 ,676.45 
2024/2/20 08:10,0.43 ,1012.23 ,34.02 ,55.48 ,60535.46 ,804.16 
2024/2/20 08:20,1.29 ,1012.30 ,34.82 ,52.38 ,66225.82 ,927.88 
2024/2/20 08:30,1.34 ,1012.33 ,34.67 ,50.19 ,72448.02 ,1050.41 
2024/2/20 08:40,2.31 ,1012.36 ,35.36 ,48.37 ,81431.14 ,1171.18 
2024/2/20 08:50,2.13 ,1012.38 ,35.64 ,46.96 ,88698.96 ,1287.42 
2024/2/20 09:00,2.14 ,1012.35 ,36.12 ,46.02 ,93296.27 ,1387.54 
2024/2/20 09:10,1.14 ,1012.24 ,37.43 ,43.93 ,96408.27 ,1471.95 
2024/2/20 09:20,1.62 ,1012.17 ,38.91 ,40.33 ,97464.75 ,1543.80 
2024/2/20 09:30,1.91 ,1012.09 ,38.89 ,39.23 ,100159.40 ,1612.31 
2024/2/20 09:40,2.83 ,1011.94 ,39.03 ,38.73 ,103592.53 ,1662.87 
2024/2/20 09:50,2.41 ,1011.84 ,38.59 ,38.35 ,105225.89 ,1715.15 
2024/2/20 10:00,2.22 ,1011.68 ,38.61 ,38.12 ,106377.69 ,1742.97 
2024/2/20 10:10,2.62 ,1011.51 ,39.24 ,37.35 ,108638.88 ,1772.95 
2024/2/20 10:20,2.86 ,1011.33 ,39.49 ,36.32 ,108929.95 ,1793.87 
2024/2/20 10:30,2.20 ,1011.22 ,39.44 ,36.15 ,109081.81 ,1800.04 
2024/2/20 10:40,2.31 ,1011.03 ,39.69 ,35.94 ,109129.96 ,1806.96 
2024/2/20 10:50,2.47 ,1010.78 ,40.53 ,35.36 ,110765.30 ,1801.28 
2024/2/20 11:00,2.67 ,1010.61 ,40.88 ,35.28 ,113070.87 ,1817.63 
2024/2/20 11:10,2.68 ,1010.41 ,40.63 ,35.78 ,115580.02 ,1861.55 
2024/2/20 11:20,2.69 ,1010.15 ,41.09 ,35.93 ,116672.71 ,1844.58 
2024/2/20 11:30,3.26 ,1009.90 ,41.02 ,36.40 ,111765.98 ,1871.38 
2024/2/20 11:40,2.44 ,1010.03 ,39.85 ,44.20 ,40959.38 ,1850.94 
2024/2/20 11:50,3.03 ,1009.98 ,39.86 ,43.73 ,114885.32 ,1885.81 
2024/2/20 12:00,3.09 ,1009.83 ,39.79 ,43.83 ,116648.63 ,1883.09 
2024/2/20 12:10,2.74 ,1009.66 ,39.96 ,43.43 ,116322.13 ,1872.33 
2024/2/20 12:20,3.63 ,1009.56 ,39.72 ,43.43 ,112026.35 ,1878.43 
2024/2/20 12:30,3.36 ,1009.46 ,39.22 ,44.34 ,109502.45 ,1855.26 
2024/2/20 12:40,3.46 ,1009.28 ,39.00 ,45.14 ,103668.72 ,1733.91 
2024/2/20 12:50,3.31 ,1009.05 ,38.77 ,45.69 ,103988.94 ,1792.45 
2024/2/20 13:00,2.54 ,1008.87 ,38.77 ,46.16 ,107185.92 ,1822.63 
2024/2/20 13:10,3.87 ,1008.73 ,39.18 ,45.12 ,103816.07 ,1806.81 
2024/2/20 13:20,3.49 ,1008.70 ,38.41 ,46.29 ,94068.74 ,1628.56 
2024/2/20 13:30,3.31 ,1008.65 ,37.86 ,47.08 ,87537.76 ,1613.36 
2024/2/20 13:40,3.41 ,1008.53 ,37.31 ,48.30 ,80831.92 ,1357.13 
2024/2/20 13:50,3.80 ,1008.41 ,37.40 ,48.54 ,91090.56 ,1669.73 
2024/2/20 14:00,3.64 ,1008.26 ,37.36 ,48.14 ,63541.41 ,1139.38 
2024/2/20 14:10,2.45 ,1008.23 ,35.29 ,51.68 ,35422.74 ,476.72 
2024/2/20 14:20,2.80 ,1008.12 ,35.05 ,53.94 ,69464.50 ,1307.22 
2024/2/20 14:30,2.56 ,1008.04 ,36.43 ,51.18 ,67039.79 ,1212.99 
2024/2/20 14:40,3.02 ,1007.95 ,36.88 ,49.74 ,50206.19 ,771.59 
2024/2/20 14:50,2.81 ,1007.91 ,34.67 ,53.17 ,42476.36 ,579.59 
2024/2/20 15:00,2.54 ,1007.90 ,34.56 ,54.23 ,33649.77 ,337.17 
2024/2/20 15:10,2.29 ,1007.86 ,33.06 ,57.46 ,15923.80 ,56.35 
2024/2/20 15:20,2.31 ,1007.91 ,31.18 ,63.30 ,16513.84 ,63.94 
2024/2/20 15:30,1.78 ,1007.88 ,30.66 ,67.04 ,17582.50 ,73.76 
2024/2/20 15:40,2.26 ,1007.90 ,30.31 ,69.11 ,16881.94 ,68.37 
2024/2/20 15:50,2.01 ,1008.00 ,30.30 ,70.33 ,16963.43 ,67.55 
2024/2/20 16:00,2.04 ,1008.06 ,29.94 ,71.76 ,13337.75 ,41.29 
2024/2/20 16:10,1.68 ,1008.14 ,29.23 ,74.58 ,9838.17 ,22.62 
2024/2/20 16:20,0.86 ,1008.25 ,28.79 ,77.02 ,7597.42 ,13.40 
2024/2/20 16:30,0.73 ,1008.37 ,28.40 ,79.36 ,5978.83 ,8.11 
2024/2/20 16:40,0.66 ,1008.43 ,27.90 ,81.89 ,3100.92 ,2.12 
2024/2/20 16:50,0.21 ,1008.48 ,27.37 ,84.48 ,2482.58 ,1.33 
2024/2/20 17:00,0.00 ,1008.60 ,27.01 ,86.86 ,2338.00 ,1.26 
2024/2/21 07:00,0.00 ,1011.94 ,22.93 ,100.00 ,10095.73 ,117.06 
2024/2/21 07:10,0.00 ,1012.02 ,25.60 ,100.00 ,16603.25 ,172.17 
2024/2/21 07:20,0.02 ,1012.13 ,27.41 ,100.00 ,22705.46 ,240.90 
2024/2/21 07:30,0.00 ,1012.27 ,28.24 ,91.87 ,28288.98 ,326.98 
2024/2/21 07:40,0.00 ,1012.30 ,29.20 ,79.31 ,36580.75 ,442.26 
2024/2/21 07:50,0.00 ,1012.31 ,31.03 ,69.92 ,45327.07 ,552.87 
2024/2/21 08:00,0.00 ,1012.28 ,32.89 ,61.36 ,53765.91 ,676.45 
2024/2/21 08:10,0.43 ,1012.23 ,34.02 ,55.48 ,60535.46 ,804.16 
2024/2/21 08:20,1.29 ,1012.30 ,34.82 ,52.38 ,66225.82 ,927.88 
2024/2/21 08:30,1.34 ,1012.33 ,34.67 ,50.19 ,72448.02 ,1050.41 
2024/2/21 08:40,2.31 ,1012.36 ,35.36 ,48.37 ,81431.14 ,1171.18 
2024/2/21 08:50,2.13 ,1012.38 ,35.64 ,46.96 ,88698.96 ,1287.42 
2024/2/21 09:00,2.14 ,1012.35 ,36.12 ,46.02 ,93296.27 ,1387.54 
2024/2/21 09:10,1.14 ,1012.24 ,37.43 ,43.93 ,96408.27 ,1471.95 
2024/2/21 09:20,1.62 ,1012.17 ,38.91 ,40.33 ,97464.75 ,1543.80 
2024/2/21 09:30,1.91 ,1012.09 ,38.89 ,39.23 ,100159.40 ,1612.31 
2024/2/21 09:40,2.83 ,1011.94 ,39.03 ,38.73 ,103592.53 ,1662.87 
2024/2/21 09:50,2.41 ,1011.84 ,38.59 ,38.35 ,105225.89 ,1715.15 
2024/2/21 10:00,2.22 ,1011.68 ,38.61 ,38.12 ,106377.69 ,1742.97 
2024/2/21 10:10,2.62 ,1011.51 ,39.24 ,37.35 ,108638.88 ,1772.95 
2024/2/21 10:20,2.86 ,1011.33 ,39.49 ,36.32 ,108929.95 ,1793.87 
2024/2/21 10:30,2.20 ,1011.22 ,39.44 ,36.15 ,109081.81 ,1800.04 
2024/2/21 10:40,2.31 ,1011.03 ,39.69 ,35.94 ,109129.96 ,1806.96 
2024/2/21 10:50,2.47 ,1010.78 ,40.53 ,35.36 ,110765.30 ,1801.28 
2024/2/21 11:00,2.67 ,1010.61 ,40.88 ,35.28 ,113070.87 ,1817.63 
2024/2/21 11:10,2.68 ,1010.41 ,40.63 ,35.78 ,115580.02 ,1861.55 
2024/2/21 11:20,2.69 ,1010.15 ,41.09 ,35.93 ,116672.71 ,1844.58 
2024/2/21 11:30,3.26 ,1009.90 ,41.02 ,36.40 ,111765.98 ,1871.38 
2024/2/21 11:40,3.12 ,1009.71 ,39.91 ,39.21 ,110397.66 ,1854.74 
2024/2/21 11:50,2.84 ,1009.55 ,39.47 ,40.87 ,112685.98 ,1862.87 
2024/2/21 12:00,3.06 ,1009.37 ,39.13 ,41.65 ,112802.42 ,1852.42 
2024/2/21 12:10,2.95 ,1009.21 ,38.70 ,42.68 ,112784.26 ,1853.99 
2024/2/21 12:20,3.45 ,1009.04 ,38.42 ,43.22 ,109350.80 ,1851.18 
2024/2/21 12:30,3.36 ,1008.82 ,38.25 ,43.63 ,109301.20 ,1854.80 
2024/2/21 12:40,3.75 ,1008.62 ,38.92 ,43.16 ,114680.87 ,1917.86 
2024/2/21 12:50,3.14 ,1008.50 ,39.11 ,42.90 ,99409.23 ,1607.01 
2024/2/21 13:00,3.26 ,1008.26 ,38.82 ,43.35 ,84910.25 ,1296.54 
2024/2/21 13:10,3.33 ,1008.11 ,36.96 ,46.50 ,77174.58 ,1178.72 
2024/2/21 13:20,3.47 ,1008.00 ,35.17 ,49.82 ,66438.31 ,1103.97 
2024/2/21 13:30,3.09 ,1007.75 ,35.04 ,51.04 ,66720.16 ,1080.00 
2024/2/21 13:40,3.16 ,1007.58 ,37.14 ,47.93 ,82224.31 ,1386.13 
2024/2/21 13:50,3.44 ,1007.50 ,37.10 ,46.78 ,58606.17 ,913.64 
2024/2/21 14:00,2.56 ,1007.42 ,35.86 ,48.87 ,48221.93 ,724.79 
2024/2/21 14:10,2.95 ,1007.35 ,36.77 ,48.77 ,68169.31 ,1216.88 
2024/2/21 14:20,3.24 ,1007.31 ,37.25 ,47.03 ,62522.24 ,1149.94 
2024/2/21 14:30,2.88 ,1007.23 ,37.50 ,47.10 ,43093.72 ,578.16 
2024/2/21 14:40,2.38 ,1007.20 ,34.85 ,51.11 ,22783.92 ,118.28 
2024/2/21 14:50,2.86 ,1007.26 ,33.23 ,55.88 ,35164.10 ,370.89 
2024/2/21 15:00,1.96 ,1007.24 ,32.63 ,57.64 ,25229.08 ,155.58 
2024/2/21 15:10,2.23 ,1007.21 ,32.13 ,59.87 ,23469.50 ,131.47 
2024/2/21 15:20,2.14 ,1007.26 ,31.65 ,61.88 ,18352.92 ,77.90 
2024/2/21 15:30,2.21 ,1007.28 ,30.78 ,64.20 ,14515.00 ,50.69 
2024/2/21 15:40,1.75 ,1007.38 ,29.81 ,67.35 ,8689.42 ,18.85 
2024/2/21 15:50,1.38 ,1007.45 ,29.04 ,70.38 ,7486.75 ,13.98 
2024/2/21 16:00,1.83 ,1007.58 ,28.56 ,73.07 ,6646.92 ,10.90 
2024/2/21 16:10,1.43 ,1007.69 ,27.97 ,75.97 ,5144.42 ,6.64 
2024/2/21 16:20,1.44 ,1007.74 ,27.53 ,78.69 ,3747.78 ,3.63 
2024/2/21 16:30,0.87 ,1007.85 ,27.27 ,80.08 ,3558.15 ,3.19 
2024/2/21 16:40,0.69 ,1007.89 ,27.10 ,81.32 ,2806.58 ,2.06 
2024/2/21 16:50,0.54 ,1007.95 ,26.90 ,82.99 ,2755.58 ,1.99 
2024/2/21 17:00,0.03 ,1008.11 ,26.80 ,84.39 ,2736.08 ,1.91 
2024/2/22 07:00,0.00 ,1012.19 ,21.59 ,100.00 ,7845.17 ,27.99 
2024/2/22 07:10,0.00 ,1012.25 ,23.46 ,100.00 ,14405.83 ,108.87 
2024/2/22 07:20,0.00 ,1012.29 ,25.57 ,99.03 ,10510.67 ,42.61 
2024/2/22 07:30,0.00 ,1012.32 ,24.90 ,93.52 ,14919.92 ,80.39 
2024/2/22 07:40,0.00 ,1012.38 ,26.34 ,88.61 ,19416.33 ,131.49 
2024/2/22 07:50,0.00 ,1012.47 ,28.14 ,79.41 ,26588.84 ,222.22 
2024/2/22 08:00,0.00 ,1012.54 ,28.27 ,72.56 ,17576.25 ,75.65 
2024/2/22 08:10,0.00 ,1012.58 ,28.83 ,72.41 ,54470.25 ,694.45 
2024/2/22 08:20,0.00 ,1012.61 ,33.76 ,61.04 ,60838.77 ,867.61 
2024/2/22 08:30,0.00 ,1012.52 ,35.77 ,53.97 ,75953.31 ,1165.33 
2024/2/22 08:40,0.55 ,1014.66 ,30.64 ,64.51 ,71986.01 ,1068.86 
2024/2/22 08:50,0.24 ,1014.51 ,33.29 ,57.43 ,75614.66 ,1106.89 
2024/2/22 09:00,0.19 ,1014.44 ,34.48 ,51.74 ,81506.05 ,1205.62 
2024/2/22 09:10,0.09 ,1014.33 ,35.82 ,48.78 ,88782.34 ,1363.09 
2024/2/22 09:20,0.10 ,1014.24 ,37.02 ,44.60 ,89523.91 ,1384.72 
2024/2/22 09:30,0.12 ,1014.10 ,37.65 ,42.45 ,92649.93 ,1501.85 
2024/2/22 09:40,0.15 ,1013.97 ,38.22 ,40.25 ,94712.56 ,1554.88 
2024/2/22 09:50,0.62 ,1013.88 ,38.76 ,38.70 ,96403.02 ,1595.61 
2024/2/22 10:00,0.72 ,1013.69 ,38.50 ,37.59 ,100535.87 ,1681.97 
2024/2/22 10:10,0.76 ,1013.51 ,38.45 ,37.67 ,102836.94 ,1689.74 
2024/2/22 10:20,0.47 ,1013.34 ,38.18 ,37.17 ,106026.22 ,1738.69 
2024/2/22 10:30,0.51 ,1012.41 ,41.94 ,39.18 ,96816.07 ,1444.45 
2024/2/22 10:40,0.36 ,1013.03 ,38.69 ,36.24 ,107909.88 ,1762.89 
2024/2/22 10:50,0.32 ,1012.89 ,38.63 ,36.58 ,95596.27 ,1601.55 
2024/2/22 11:00,0.76 ,1012.72 ,38.57 ,36.08 ,110984.38 ,1808.01 
2024/2/22 11:10,0.84 ,1012.46 ,38.78 ,36.04 ,115624.59 ,1828.57 
2024/2/22 11:20,1.27 ,1012.14 ,39.54 ,38.39 ,114007.00 ,1793.06 
2024/2/22 11:30,0.58 ,1012.05 ,39.96 ,36.86 ,36075.33 ,290.55 
2024/2/22 11:40,0.50 ,1011.99 ,37.93 ,40.47 ,77786.27 ,1175.37 
2024/2/22 11:50,0.96 ,1011.88 ,42.12 ,37.13 ,117758.20 ,1857.75 
2024/2/22 12:00,2.43 ,1011.76 ,45.00 ,33.04 ,110668.99 ,1735.40 
2024/2/22 12:10,1.89 ,1011.69 ,43.27 ,33.68 ,62392.79 ,830.07 
2024/2/22 12:20,2.08 ,1011.54 ,40.58 ,36.60 ,103921.96 ,1714.02 
2024/2/22 12:30,2.29 ,1011.43 ,40.65 ,37.02 ,80616.08 ,1212.68 
2024/2/22 12:40,2.40 ,1011.30 ,40.13 ,38.17 ,106453.70 ,1744.64 
2024/2/22 12:50,2.71 ,1011.14 ,39.81 ,38.57 ,54054.49 ,638.03 
2024/2/22 13:00,3.25 ,1011.05 ,36.89 ,43.38 ,83171.23 ,1299.20 
2024/2/22 13:10,2.27 ,1010.94 ,38.74 ,41.96 ,92240.96 ,1498.45 
2024/2/22 13:20,1.99 ,1010.83 ,38.58 ,41.11 ,31595.64 ,240.84 
2024/2/22 13:30,1.82 ,1010.82 ,34.47 ,47.48 ,19850.00 ,92.53 
2024/2/22 13:40,1.57 ,1010.85 ,32.20 ,53.46 ,15403.92 ,55.12 
2024/2/22 13:50,1.06 ,1010.91 ,31.06 ,57.76 ,14145.08 ,45.14 
2024/2/22 14:00,1.24 ,1010.95 ,30.69 ,60.61 ,13474.52 ,41.50 
2024/2/22 15:20,0.02 ,1011.01 ,28.86 ,66.80 ,7752.00 ,14.54 
2024/2/22 15:30,0.63 ,1011.15 ,28.00 ,70.99 ,2622.42 ,1.85 
2024/2/22 15:40,0.19 ,1011.32 ,26.23 ,78.40 ,2302.75 ,1.58 
2024/2/22 15:50,0.00 ,1011.57 ,24.09 ,89.82 ,4844.67 ,5.58 
2024/2/22 16:00,0.00 ,1011.68 ,23.00 ,99.81 ,3116.67 ,2.37 
2024/2/22 16:10,0.00 ,1011.77 ,22.63 ,100.00 ,2249.33 ,1.34 
2024/2/22 16:20,0.05 ,1011.80 ,22.29 ,100.00 ,2202.09 ,1.26 
2024/2/22 16:30,0.12 ,1011.93 ,22.02 ,100.00 ,2541.25 ,1.62 
2024/2/22 16:40,0.04 ,1012.03 ,21.84 ,100.00 ,2427.75 ,1.54 
2024/2/22 16:50,0.03 ,1012.09 ,21.73 ,100.00 ,1422.25 ,0.60 
2024/2/22 17:00,0.00 ,1012.22 ,21.43 ,100.00 ,638.92 ,0.14 
2024/2/23 07:00,1.16 ,1016.82 ,16.42 ,100.00 ,2511.17 ,1.53 
2024/2/23 07:10,1.22 ,1016.87 ,16.52 ,100.00 ,3626.92 ,3.17 
2024/2/23 07:20,0.90 ,1016.91 ,16.66 ,100.00 ,4731.76 ,4.94 
2024/2/23 07:30,0.48 ,1017.00 ,16.89 ,100.00 ,5374.42 ,6.27 
2024/2/23 07:40,0.96 ,1017.08 ,17.10 ,100.00 ,6024.08 ,7.80 
2024/2/23 07:50,2.11 ,1017.24 ,17.05 ,100.00 ,6669.83 ,9.61 
2024/2/23 08:00,2.06 ,1017.37 ,17.00 ,100.00 ,7348.42 ,11.43 
2024/2/23 08:10,0.96 ,1017.51 ,17.09 ,100.00 ,7378.75 ,11.40 
2024/2/23 08:20,1.19 ,1017.58 ,17.43 ,100.00 ,7708.00 ,15.30 
2024/2/23 08:30,1.35 ,1017.60 ,17.64 ,100.00 ,10594.17 ,28.52 
2024/2/23 08:40,2.48 ,1017.65 ,17.81 ,100.00 ,12042.83 ,37.03 
2024/2/23 08:50,2.43 ,1017.59 ,17.73 ,100.00 ,14152.25 ,51.60 
2024/2/23 09:00,2.22 ,1017.56 ,18.00 ,100.00 ,18577.50 ,78.43 
2024/2/23 09:10,2.65 ,1017.59 ,18.34 ,100.00 ,21882.75 ,112.80 
2024/2/23 09:20,1.56 ,1017.55 ,18.57 ,100.00 ,17989.92 ,79.12 
2024/2/23 09:30,2.43 ,1017.53 ,18.52 ,100.00 ,15873.00 ,64.35 
2024/2/23 09:40,1.73 ,1017.52 ,18.70 ,100.00 ,15926.33 ,61.97 
2024/2/23 09:50,2.86 ,1017.53 ,18.95 ,100.00 ,17341.84 ,69.59 
2024/2/23 10:00,1.95 ,1017.52 ,19.11 ,100.00 ,17826.75 ,73.86 
2024/2/23 10:10,2.32 ,1017.50 ,19.26 ,100.00 ,16015.42 ,60.74 
2024/2/23 10:20,2.06 ,1017.49 ,19.23 ,100.00 ,16033.25 ,59.57 
2024/2/23 10:30,1.59 ,1017.46 ,19.41 ,100.00 ,18396.58 ,77.71 
2024/2/23 10:40,1.44 ,1017.35 ,20.51 ,100.00 ,25246.75 ,142.87 
2024/2/23 10:50,1.76 ,1017.28 ,21.61 ,100.00 ,21828.92 ,110.97 
2024/2/23 11:00,1.47 ,1017.21 ,21.36 ,100.00 ,22599.25 ,117.20 
2024/2/23 11:10,0.81 ,1017.22 ,21.92 ,100.00 ,24830.83 ,140.29 
2024/2/23 11:20,0.65 ,1017.16 ,22.91 ,100.00 ,25444.42 ,151.09 
2024/2/23 11:30,0.28 ,1017.10 ,23.08 ,100.00 ,22222.33 ,117.02 
2024/2/23 11:40,0.48 ,1016.98 ,23.33 ,100.00 ,26131.77 ,156.13 
2024/2/23 11:50,0.46 ,1016.78 ,23.78 ,100.00 ,24109.58 ,134.27 
2024/2/23 12:00,0.14 ,1016.61 ,23.56 ,100.00 ,18848.42 ,85.94 
2024/2/23 12:10,0.03 ,1016.45 ,23.44 ,100.00 ,18165.92 ,81.30 
2024/2/23 12:20,0.03 ,1016.31 ,24.00 ,100.00 ,23226.92 ,127.98 
2024/2/23 12:30,0.16 ,1016.19 ,24.01 ,100.00 ,20700.50 ,105.89 
2024/2/23 12:40,0.45 ,1016.12 ,23.16 ,100.00 ,22060.42 ,117.65 
2024/2/23 12:50,0.46 ,1016.02 ,22.78 ,100.00 ,19578.33 ,92.83 
2024/2/23 13:00,0.09 ,1015.95 ,23.04 ,100.00 ,26896.13 ,165.84 
2024/2/23 13:10,0.03 ,1015.86 ,24.53 ,100.00 ,26212.83 ,160.91 
2024/2/23 13:20,0.29 ,1015.72 ,24.87 ,99.61 ,21075.58 ,103.78 
2024/2/23 13:30,1.16 ,1015.76 ,23.93 ,94.31 ,23506.94 ,127.84 
2024/2/23 13:40,0.87 ,1015.74 ,23.03 ,94.12 ,20347.83 ,99.04 
2024/2/23 13:50,0.63 ,1015.75 ,22.44 ,97.28 ,17011.00 ,67.24 
2024/2/23 14:00,0.16 ,1015.59 ,22.94 ,100.00 ,20318.26 ,96.40 
2024/2/23 14:10,0.91 ,1015.53 ,22.84 ,98.08 ,18904.50 ,84.93 
2024/2/23 14:20,1.20 ,1015.47 ,22.96 ,96.37 ,23715.42 ,127.18 
2024/2/23 14:30,1.09 ,1015.40 ,23.12 ,94.50 ,19022.92 ,83.14 
2024/2/23 14:40,1.00 ,1015.39 ,22.68 ,93.90 ,17880.74 ,72.98 
2024/2/23 14:50,1.18 ,1015.36 ,22.53 ,94.40 ,14742.42 ,51.79 
2024/2/23 15:00,1.21 ,1015.37 ,22.05 ,94.18 ,14382.83 ,48.20 
2024/2/23 15:10,2.15 ,1015.35 ,21.98 ,94.02 ,17198.83 ,71.27 
2024/2/23 15:20,1.38 ,1015.28 ,22.12 ,93.53 ,15345.17 ,57.63 
2024/2/23 15:30,1.85 ,1015.27 ,21.70 ,93.54 ,14093.83 ,46.78 
2024/2/23 15:40,2.00 ,1015.26 ,21.58 ,93.69 ,13958.25 ,45.50 
2024/2/23 15:50,1.75 ,1015.19 ,21.69 ,93.96 ,13625.09 ,43.29 
2024/2/23 16:00,1.79 ,1015.20 ,21.36 ,94.77 ,8779.54 ,19.16 
2024/2/23 16:10,1.24 ,1015.27 ,20.81 ,97.06 ,6778.56 ,11.38 
2024/2/23 16:20,1.94 ,1015.34 ,20.46 ,99.66 ,6600.08 ,10.70 
2024/2/23 16:30,1.70 ,1015.38 ,20.07 ,100.00 ,5459.25 ,7.73 
2024/2/23 16:40,2.18 ,1015.45 ,19.89 ,100.00 ,5396.95 ,7.25 
2024/2/23 16:50,2.06 ,1015.56 ,19.70 ,100.00 ,4140.75 ,4.46 
2024/2/23 17:00,1.80 ,1015.64 ,19.47 ,100.00 ,2868.17 ,2.24 
2024/2/24 07:00,0.11 ,1016.42 ,18.25 ,100.00 ,1058.92 ,0.39 
2024/2/24 07:10,0.21 ,1016.43 ,18.33 ,100.00 ,1550.75 ,0.72 
2024/2/24 07:20,0.00 ,1016.48 ,18.50 ,100.00 ,2000.58 ,1.14 
2024/2/24 07:30,0.02 ,1016.54 ,18.77 ,100.00 ,3354.17 ,2.97 
2024/2/24 07:40,0.03 ,1016.66 ,19.04 ,100.00 ,4146.33 ,4.41 
2024/2/24 07:50,0.08 ,1016.72 ,19.41 ,100.00 ,6700.59 ,10.69 
2024/2/24 08:00,0.07 ,1016.77 ,19.89 ,100.00 ,6192.69 ,9.48 
2024/2/24 08:10,0.29 ,1016.87 ,20.13 ,100.00 ,8147.75 ,15.88 
2024/2/24 08:20,0.04 ,1016.92 ,20.67 ,100.00 ,10226.92 ,24.34 
2024/2/24 08:30,0.00 ,1016.86 ,21.51 ,100.00 ,14409.33 ,48.43 
2024/2/24 08:40,0.03 ,1016.88 ,23.17 ,100.00 ,18111.33 ,75.51 
2024/2/24 08:50,0.10 ,1016.85 ,24.12 ,100.00 ,16398.25 ,62.87 
2024/2/25 07:00,1.14 ,1016.15 ,16.50 ,100.00 ,1304.35 ,0.60 
2024/2/25 07:10,1.59 ,1016.26 ,16.50 ,100.00 ,1758.00 ,0.99 
2024/2/25 07:20,1.78 ,1016.29 ,16.50 ,100.00 ,2306.34 ,1.55 
2024/2/25 07:30,1.14 ,1016.32 ,16.50 ,100.00 ,2680.25 ,1.99 
2024/2/25 07:40,0.97 ,1016.46 ,16.63 ,100.00 ,2965.67 ,2.35 
2024/2/25 07:50,0.51 ,1016.59 ,16.72 ,100.00 ,2851.25 ,2.12 
2024/2/25 08:00,0.91 ,1016.74 ,16.80 ,100.00 ,3094.00 ,2.45 
2024/2/25 08:10,1.05 ,1016.87 ,16.77 ,100.00 ,2811.09 ,1.98 
2024/2/25 08:20,1.16 ,1016.96 ,16.70 ,100.00 ,3292.75 ,2.60 
2024/2/25 08:30,2.34 ,1017.04 ,16.64 ,100.00 ,3422.50 ,2.81 
2024/2/25 08:40,2.53 ,1017.12 ,16.50 ,100.00 ,3726.67 ,3.27 
2024/2/25 08:50,1.07 ,1017.16 ,16.57 ,100.00 ,4531.58 ,5.09 
2024/2/25 09:00,1.12 ,1017.16 ,16.74 ,100.00 ,4722.08 ,5.36 
2024/2/25 09:10,2.27 ,1017.17 ,16.74 ,100.00 ,4819.67 ,5.44 
2024/2/25 09:20,2.18 ,1017.13 ,16.76 ,100.00 ,5414.92 ,6.86 
2024/2/25 09:30,1.52 ,1017.11 ,16.89 ,100.00 ,6598.92 ,10.19 
2024/2/25 09:40,1.42 ,1017.15 ,17.09 ,100.00 ,6634.25 ,10.39 
2024/2/25 09:50,1.13 ,1017.14 ,17.28 ,100.00 ,8559.00 ,16.67 
2024/2/25 10:00,0.51 ,1017.02 ,17.68 ,100.00 ,9095.83 ,18.63 
2024/2/25 10:10,1.12 ,1016.92 ,17.85 ,100.00 ,9629.58 ,21.19 
2024/2/25 10:20,1.90 ,1016.77 ,17.68 ,100.00 ,11107.75 ,28.31 
2024/2/25 10:30,1.81 ,1016.62 ,17.62 ,100.00 ,11725.00 ,31.63 
2024/2/25 10:40,1.08 ,1016.54 ,17.62 ,100.00 ,10499.67 ,26.27 
2024/2/25 10:50,1.46 ,1016.46 ,17.35 ,100.00 ,12700.17 ,38.73 
2024/2/25 11:00,1.68 ,1016.40 ,17.30 ,100.00 ,14740.67 ,50.40 
2024/2/25 11:10,0.98 ,1016.29 ,17.55 ,100.00 ,17696.50 ,81.94 
2024/2/25 11:20,1.69 ,1016.16 ,18.05 ,100.00 ,19656.25 ,98.05 
2024/2/25 11:30,1.27 ,1016.00 ,18.30 ,100.00 ,17756.48 ,84.18 
2024/2/25 11:40,0.97 ,1015.87 ,18.65 ,100.00 ,25282.25 ,162.31 
2024/2/25 11:50,0.59 ,1015.69 ,19.62 ,100.00 ,25240.42 ,169.45 
2024/2/25 12:00,1.16 ,1015.48 ,20.27 ,100.00 ,27108.06 ,193.86 
2024/2/25 12:10,0.70 ,1015.33 ,20.22 ,100.00 ,25628.00 ,164.31 
2024/2/25 12:20,1.14 ,1015.25 ,20.23 ,100.00 ,23670.92 ,133.35 
2024/2/25 12:30,0.75 ,1015.28 ,19.77 ,100.00 ,23671.50 ,129.11 
2024/2/25 12:40,0.58 ,1015.15 ,20.10 ,100.00 ,21823.75 ,112.80 
2024/2/25 12:50,0.81 ,1014.98 ,20.80 ,100.00 ,22375.08 ,120.35 
2024/2/25 13:00,0.79 ,1014.81 ,20.73 ,100.00 ,19265.84 ,87.35 
2024/2/25 13:10,0.57 ,1014.72 ,20.26 ,100.00 ,13134.25 ,42.32 
2024/2/25 13:20,1.05 ,1014.63 ,20.16 ,100.00 ,17519.67 ,70.32 
2024/2/25 13:30,0.86 ,1014.45 ,20.03 ,100.00 ,16065.93 ,58.67 
2024/2/25 13:40,0.71 ,1014.34 ,19.82 ,100.00 ,12211.08 ,34.11 
2024/2/25 13:50,1.04 ,1014.19 ,19.34 ,100.00 ,11422.67 ,29.15 
2024/2/25 14:00,1.98 ,1014.22 ,18.60 ,100.00 ,8703.50 ,16.85 
2024/2/25 14:10,1.77 ,1014.23 ,18.02 ,100.00 ,8715.56 ,16.98 
2024/2/25 14:20,3.15 ,1014.24 ,17.78 ,100.00 ,8649.54 ,16.91 
2024/2/25 14:30,1.71 ,1014.32 ,17.51 ,100.00 ,9370.63 ,19.76 
2024/2/25 14:40,1.43 ,1014.40 ,17.76 ,100.00 ,8245.08 ,14.72 
2024/2/25 14:50,0.87 ,1014.35 ,17.70 ,100.00 ,7508.67 ,12.13 
2024/2/25 15:00,1.76 ,1014.32 ,17.34 ,100.00 ,6024.17 ,8.54 
2024/2/25 15:10,0.95 ,1014.44 ,16.92 ,100.00 ,6346.20 ,9.95 
2024/2/25 15:20,0.68 ,1014.52 ,16.85 ,100.00 ,5636.33 ,7.60 
2024/2/25 15:30,0.94 ,1014.52 ,16.73 ,100.00 ,6010.75 ,8.55 
2024/2/25 15:40,1.22 ,1014.49 ,16.65 ,100.00 ,6450.00 ,10.82 
2024/2/25 15:50,0.92 ,1014.52 ,16.63 ,100.00 ,5337.42 ,7.40 
2024/2/25 16:00,0.85 ,1014.54 ,16.46 ,100.00 ,6008.25 ,9.21 
2024/2/25 16:10,1.01 ,1014.66 ,16.58 ,100.00 ,5987.00 ,8.74 
2024/2/25 16:20,1.16 ,1014.82 ,16.36 ,100.00 ,4224.00 ,4.59 
2024/2/25 16:30,0.42 ,1014.95 ,16.18 ,100.00 ,3022.75 ,2.65 
2024/2/25 16:40,1.60 ,1014.99 ,16.14 ,100.00 ,3122.33 ,2.77 
2024/2/25 16:50,1.03 ,1015.07 ,15.85 ,100.00 ,2245.92 ,1.42 
2024/2/25 17:00,0.50 ,1015.17 ,15.72 ,100.00 ,1785.00 ,1.03 
2024/2/26 07:00,0.13 ,1017.63 ,14.64 ,100.00 ,2379.17 ,1.69 
2024/2/26 07:10,0.08 ,1017.70 ,14.78 ,100.00 ,3099.67 ,2.63 
2024/2/26 07:20,0.04 ,1017.79 ,14.90 ,100.00 ,2971.17 ,2.29 
2024/2/26 07:30,0.04 ,1017.82 ,15.01 ,100.00 ,4054.25 ,4.24 
2024/2/26 07:40,0.00 ,1017.97 ,15.25 ,100.00 ,4745.33 ,5.73 
2024/2/26 07:50,0.04 ,1018.10 ,15.56 ,100.00 ,5804.83 ,8.55 
2024/2/26 08:00,0.02 ,1018.21 ,15.55 ,100.00 ,6632.67 ,11.55 
2024/2/26 08:10,0.29 ,1018.24 ,15.74 ,100.00 ,8006.50 ,16.78 
2024/2/26 08:20,0.12 ,1018.31 ,15.93 ,100.00 ,11036.17 ,30.37 
2024/2/26 08:30,0.02 ,1018.35 ,16.62 ,100.00 ,12672.17 ,40.35 
2024/2/26 08:40,0.15 ,1018.41 ,17.31 ,100.00 ,14649.75 ,53.74 
2024/2/26 08:50,0.12 ,1018.40 ,17.79 ,100.00 ,13743.58 ,45.59 
2024/2/27 07:00,1.78 ,1016.45 ,15.60 ,100.00 ,4217.33 ,5.30 
2024/2/27 07:10,1.96 ,1016.53 ,15.94 ,100.00 ,5589.00 ,8.64 
2024/2/27 07:20,1.36 ,1016.58 ,16.26 ,100.00 ,6730.58 ,12.20 
2024/2/27 07:30,1.60 ,1016.65 ,16.64 ,100.00 ,8469.00 ,19.51 
2024/2/27 07:40,0.95 ,1016.70 ,17.09 ,100.00 ,8860.67 ,20.36 
2024/2/27 07:50,1.23 ,1016.71 ,17.43 ,100.00 ,10583.00 ,28.28 
2024/2/27 08:00,0.57 ,1016.69 ,18.01 ,100.00 ,12359.50 ,37.22 
2024/2/27 08:10,0.34 ,1016.70 ,18.69 ,100.00 ,14586.00 ,50.74 
2024/2/27 08:20,0.43 ,1016.79 ,19.22 ,100.00 ,15022.25 ,53.93 
2024/2/27 08:30,0.24 ,1016.84 ,19.75 ,100.00 ,16628.83 ,64.87 
2024/2/27 08:40,0.58 ,1016.89 ,20.45 ,100.00 ,21296.08 ,105.02 
2024/2/27 08:50,0.37 ,1016.81 ,21.43 ,100.00 ,22266.00 ,111.31 
2024/2/27 09:00,0.59 ,1016.82 ,21.90 ,100.00 ,20526.50 ,96.28 
2024/2/27 09:10,0.52 ,1016.87 ,21.96 ,100.00 ,19438.21 ,88.12 
2024/2/27 09:20,1.37 ,1016.87 ,21.53 ,100.00 ,14848.11 ,51.13 
2024/2/27 09:30,0.87 ,1016.78 ,21.12 ,100.00 ,22078.89 ,112.39 
2024/2/27 09:40,0.65 ,1016.75 ,21.94 ,100.00 ,23777.83 ,128.08 
2024/2/27 09:50,0.40 ,1016.83 ,22.66 ,100.00 ,22599.26 ,115.81 
2024/2/27 10:00,0.11 ,1016.78 ,23.24 ,100.00 ,24631.85 ,135.54 
2024/2/27 10:10,0.15 ,1016.69 ,24.05 ,97.45 ,19211.67 ,81.48 
2024/2/27 10:20,0.34 ,1016.63 ,23.63 ,90.34 ,17744.38 ,70.37 
2024/2/27 10:30,0.75 ,1016.55 ,22.53 ,89.34 ,15002.87 ,50.73 
2024/2/27 10:40,2.03 ,1016.64 ,21.43 ,90.82 ,14411.67 ,45.43 
2024/2/27 10:50,1.58 ,1016.64 ,20.51 ,94.97 ,13660.83 ,42.07 
2024/2/27 11:00,1.20 ,1016.65 ,19.98 ,98.19 ,9210.65 ,19.48 
2024/2/27 11:10,1.01 ,1016.63 ,19.60 ,99.79 ,9443.21 ,19.80 
2024/2/27 11:20,0.91 ,1016.55 ,19.39 ,100.00 ,9937.67 ,22.07 
2024/2/27 11:30,0.26 ,1016.40 ,19.51 ,100.00 ,9696.46 ,21.55 
2024/2/27 11:40,0.22 ,1016.24 ,19.82 ,100.00 ,8471.33 ,16.57 
2024/2/27 11:50,0.17 ,1016.11 ,19.86 ,100.00 ,8496.00 ,15.67 
2024/2/27 12:00,1.03 ,1015.99 ,19.68 ,100.00 ,10700.28 ,24.78 
2024/2/27 12:10,0.65 ,1015.91 ,19.26 ,100.00 ,11188.58 ,26.93 
2024/2/27 12:20,0.43 ,1015.75 ,19.38 ,100.00 ,12410.67 ,33.54 
2024/2/27 12:30,0.19 ,1015.59 ,19.79 ,100.00 ,12756.50 ,36.55 
2024/2/27 12:40,0.16 ,1015.46 ,20.30 ,100.00 ,12502.25 ,34.24 
2024/2/27 12:50,0.04 ,1015.37 ,20.57 ,100.00 ,10564.72 ,24.71 
2024/2/27 13:00,0.16 ,1015.18 ,20.35 ,100.00 ,10262.34 ,22.89 
2024/2/27 13:10,0.00 ,1015.00 ,20.31 ,100.00 ,10724.83 ,24.41 
2024/2/27 13:20,0.12 ,1014.86 ,20.28 ,100.00 ,8402.69 ,15.73 
2024/2/27 13:30,0.11 ,1014.79 ,19.82 ,100.00 ,7018.50 ,10.98 
2024/2/27 13:40,0.07 ,1014.81 ,19.15 ,100.00 ,7525.33 ,12.21 
2024/2/27 13:50,0.00 ,1014.70 ,19.00 ,100.00 ,10711.77 ,24.47 
2024/2/27 14:00,0.06 ,1014.69 ,19.44 ,100.00 ,11773.00 ,30.05 
2024/2/27 14:10,0.09 ,1014.66 ,19.39 ,100.00 ,8596.91 ,16.55 
2024/2/27 14:20,0.00 ,1014.63 ,19.02 ,100.00 ,7496.67 ,12.95 
2024/2/27 14:30,0.00 ,1014.55 ,18.96 ,100.00 ,9058.17 ,19.35 
2024/2/27 14:40,0.03 ,1014.42 ,18.94 ,100.00 ,7532.50 ,13.26 
2024/2/27 14:50,0.04 ,1014.33 ,18.84 ,100.00 ,7340.83 ,12.10 
2024/2/27 15:00,0.11 ,1014.27 ,19.01 ,100.00 ,7451.50 ,12.34 
2024/2/27 15:10,0.28 ,1014.18 ,18.98 ,100.00 ,7464.25 ,12.20 
2024/2/27 15:20,0.26 ,1014.12 ,18.70 ,100.00 ,5066.11 ,5.77 
2024/2/27 15:30,0.09 ,1014.14 ,18.45 ,100.00 ,4692.17 ,4.99 
2024/2/27 15:40,0.09 ,1014.21 ,18.19 ,100.00 ,4086.42 ,3.88 
2024/2/27 15:50,0.03 ,1014.38 ,17.87 ,100.00 ,3073.00 ,2.32 
2024/2/27 16:00,0.04 ,1014.49 ,17.39 ,100.00 ,2406.30 ,1.35 
2024/2/27 16:10,0.00 ,1014.55 ,17.03 ,100.00 ,1668.24 ,0.73 
2024/2/27 16:20,0.07 ,1014.64 ,16.69 ,100.00 ,1536.00 ,0.58 
2024/2/27 16:30,0.06 ,1014.71 ,16.44 ,100.00 ,1373.83 ,0.49 
2024/2/27 16:40,0.10 ,1014.78 ,16.32 ,100.00 ,1311.67 ,0.46 
2024/2/27 16:50,0.06 ,1014.80 ,16.14 ,100.00 ,1290.00 ,0.48 
2024/2/27 17:00,0.00 ,1014.82 ,16.07 ,100.00 ,1181.92 ,0.41 
2024/2/28 07:00,1.25 ,1014.82 ,17.87 ,100.00 ,8528.75 ,38.89 
2024/2/28 07:10,1.20 ,1014.95 ,18.17 ,100.00 ,9978.08 ,31.48 
2024/2/28 07:20,0.11 ,1015.00 ,18.28 ,100.00 ,12462.92 ,50.02 
2024/2/28 07:30,0.20 ,1015.05 ,19.17 ,100.00 ,19244.58 ,184.77 
2024/2/28 07:40,0.20 ,1015.06 ,22.95 ,100.00 ,30786.67 ,417.09 
2024/2/28 07:50,1.14 ,1014.99 ,25.71 ,100.00 ,34628.58 ,425.25 
2024/2/28 08:00,1.59 ,1014.99 ,25.97 ,98.80 ,41577.68 ,532.26 
2024/2/28 08:10,1.04 ,1015.03 ,26.71 ,89.08 ,46395.31 ,578.24 
2024/2/28 08:20,1.21 ,1014.89 ,28.27 ,78.46 ,51843.43 ,648.32 
2024/2/28 08:30,1.61 ,1014.83 ,29.18 ,69.89 ,61105.07 ,837.10 
2024/2/28 08:40,0.55 ,1014.66 ,30.64 ,64.51 ,71986.01 ,1068.86 
2024/2/28 08:50,0.24 ,1014.51 ,33.29 ,57.43 ,75614.66 ,1106.89 
2024/2/28 09:00,0.19 ,1014.44 ,34.48 ,51.74 ,81506.05 ,1205.62 
2024/2/28 09:10,0.09 ,1014.33 ,35.82 ,48.78 ,88782.34 ,1363.09 
2024/2/28 09:20,0.10 ,1014.24 ,37.02 ,44.60 ,89523.91 ,1384.72 
2024/2/28 09:30,0.12 ,1014.10 ,37.65 ,42.45 ,92649.93 ,1501.85 
2024/2/28 09:40,0.15 ,1013.97 ,38.22 ,40.25 ,94712.56 ,1554.88 
2024/2/28 09:50,0.62 ,1013.88 ,38.76 ,38.70 ,96403.02 ,1595.61 
2024/2/28 10:00,0.72 ,1013.69 ,38.50 ,37.59 ,100535.87 ,1681.97 
2024/2/28 10:10,0.76 ,1013.51 ,38.45 ,37.67 ,102836.94 ,1689.74 
2024/2/28 10:20,0.47 ,1013.34 ,38.18 ,37.17 ,106026.22 ,1738.69 
2024/2/28 10:30,0.49 ,1013.20 ,38.80 ,36.86 ,106818.64 ,1735.25 
2024/2/28 10:40,0.36 ,1013.03 ,38.69 ,36.24 ,107909.88 ,1762.89 
2024/2/28 10:50,0.32 ,1012.89 ,38.63 ,36.58 ,95596.27 ,1601.55 
2024/2/28 11:00,0.76 ,1012.72 ,38.57 ,36.08 ,110984.38 ,1808.01 
2024/2/28 11:10,0.84 ,1012.46 ,38.78 ,36.04 ,115624.59 ,1828.57 
2024/2/28 11:20,0.75 ,1012.15 ,40.68 ,34.10 ,102433.01 ,1515.61 
2024/2/28 11:30,0.52 ,1012.01 ,39.75 ,33.51 ,99721.53 ,1553.08 
2024/2/28 11:40,1.22 ,1011.73 ,40.13 ,33.95 ,111841.63 ,1733.43 
2024/2/28 11:50,1.26 ,1011.56 ,39.69 ,33.95 ,117758.20 ,1869.46 
2024/2/28 12:00,1.69 ,1011.36 ,39.13 ,34.48 ,99007.81 ,1575.79 
2024/2/28 12:10,2.27 ,1011.17 ,37.96 ,35.89 ,116002.65 ,1878.61 
2024/2/28 12:20,1.54 ,1010.95 ,38.05 ,35.95 ,88455.60 ,1352.61 
2024/2/28 12:30,0.53 ,1010.80 ,36.79 ,37.45 ,70328.93 ,1003.11 
2024/2/28 12:40,0.38 ,1010.63 ,36.72 ,38.12 ,39879.68 ,359.29 
2024/2/28 12:50,0.57 ,1010.47 ,35.22 ,40.06 ,29115.25 ,200.90 
2024/2/28 13:00,0.86 ,1010.38 ,32.60 ,44.03 ,21280.00 ,110.87 
2024/2/28 13:10,0.64 ,1010.11 ,31.40 ,47.15 ,20220.00 ,100.30 
2024/2/28 13:20,0.90 ,1009.97 ,30.36 ,49.73 ,15944.08 ,60.66 
2024/2/28 13:30,1.58 ,1009.92 ,28.55 ,54.05 ,14534.92 ,51.61 
2024/2/28 13:40,1.22 ,1009.77 ,27.81 ,57.52 ,25855.17 ,149.94 
2024/2/28 13:50,1.42 ,1009.62 ,28.36 ,57.64 ,24260.67 ,134.05 
2024/2/28 14:00,0.94 ,1009.49 ,28.23 ,58.02 ,21836.33 ,108.34 
2024/2/28 14:10,0.63 ,1009.43 ,28.21 ,58.53 ,17719.50 ,73.12 
2024/2/28 14:20,0.83 ,1009.38 ,27.62 ,59.65 ,11802.42 ,33.94 
2024/2/28 14:30,0.45 ,1009.32 ,26.75 ,62.09 ,8948.42 ,19.51 
2024/2/28 14:40,0.23 ,1009.19 ,26.06 ,64.25 ,8037.50 ,16.59 
2024/2/28 14:50,0.45 ,1009.08 ,25.73 ,65.64 ,8846.92 ,20.23 
2024/2/28 15:00,0.03 ,1009.06 ,25.50 ,66.75 ,8111.92 ,17.06 
2024/2/28 15:10,0.12 ,1009.11 ,25.31 ,67.96 ,7029.08 ,12.52 
2024/2/28 15:20,0.21 ,1009.14 ,25.01 ,69.18 ,6122.42 ,9.31 
2024/2/28 15:30,0.43 ,1009.20 ,24.43 ,71.35 ,3970.58 ,3.97 
2024/2/28 15:40,0.73 ,1009.25 ,23.65 ,74.48 ,2436.67 ,1.57 
2024/2/28 15:50,0.23 ,1009.43 ,23.05 ,77.46 ,1630.50 ,0.72 
2024/2/28 16:00,0.08 ,1009.49 ,22.75 ,79.92 ,1458.75 ,0.57 
2024/2/28 16:10,0.38 ,1009.62 ,22.49 ,82.44 ,1516.42 ,0.61 
2024/2/28 16:20,0.23 ,1009.78 ,22.34 ,84.91 ,1427.33 ,0.55 
2024/2/28 16:30,0.00 ,1009.97 ,22.16 ,89.13 ,1357.42 ,0.53 
2024/2/28 16:40,0.02 ,1010.19 ,21.65 ,98.34 ,1601.42 ,0.74 
2024/2/28 16:50,0.08 ,1010.31 ,21.14 ,100.00 ,1344.92 ,0.59 
2024/2/28 17:00,0.13 ,1010.49 ,20.71 ,100.00 ,1844.00 ,0.95 
2024/2/29 07:20,0.29 ,1012.04 ,20.07 ,100.00 ,6425.83 ,10.28 
2024/2/29 07:30,0.18 ,1011.96 ,20.31 ,100.00 ,8415.52 ,17.69 
2024/2/29 07:40,0.73 ,1011.90 ,20.92 ,100.00 ,11384.67 ,31.27 
2024/2/29 07:50,1.13 ,1011.87 ,21.51 ,100.00 ,13342.50 ,41.92 
2024/2/29 08:00,1.96 ,1011.83 ,22.18 ,100.00 ,15391.08 ,57.42 
2024/2/29 08:10,1.13 ,1011.79 ,22.64 ,100.00 ,15972.33 ,59.80 
2024/2/29 08:20,1.30 ,1011.80 ,23.26 ,100.00 ,18870.46 ,82.65 
2024/2/29 08:30,1.66 ,1011.85 ,23.61 ,100.00 ,20012.42 ,92.23 
2024/2/29 08:40,1.82 ,1011.88 ,24.19 ,100.00 ,23322.92 ,124.04 
2024/2/29 08:50,0.57 ,1011.87 ,24.88 ,100.00 ,22467.40 ,114.53 
2024/2/29 09:00,0.77 ,1011.82 ,25.66 ,99.67 ,22156.00 ,113.84 
2024/2/29 09:10,0.80 ,1011.82 ,26.27 ,94.67 ,23966.48 ,130.09 
2024/2/29 09:20,1.44 ,1011.77 ,26.88 ,87.89 ,25606.66 ,146.88 
2024/2/29 09:30,1.71 ,1011.62 ,27.10 ,82.69 ,26911.04 ,164.60 
2024/2/29 09:40,1.62 ,1011.52 ,27.00 ,81.85 ,26992.00 ,167.26 
2024/2/29 09:50,1.45 ,1011.39 ,27.07 ,84.19 ,41191.54 ,382.68 
2024/2/29 10:00,1.20 ,1011.18 ,29.14 ,77.63 ,45763.04 ,463.00 
2024/2/29 10:10,0.57 ,1010.86 ,30.89 ,67.91 ,36653.86 ,310.26 
2024/2/29 10:20,1.01 ,1010.82 ,31.64 ,62.60 ,35478.25 ,296.21 
2024/2/29 10:30,1.95 ,1010.68 ,31.97 ,59.75 ,55572.16 ,712.78 
2024/2/29 10:40,1.98 ,1010.43 ,33.40 ,55.50 ,76174.20 ,1197.47 
2024/2/29 10:50,0.67 ,1010.22 ,34.74 ,52.46 ,96702.62 ,1528.87 
2024/2/29 11:00,0.54 ,1009.95 ,38.59 ,45.87 ,117758.20 ,1800.33 
2024/2/29 11:10,1.39 ,1009.74 ,39.99 ,40.66 ,115045.28 ,1840.97 
2024/2/29 11:20,1.58 ,1009.54 ,38.44 ,40.19 ,64557.40 ,888.88 
2024/2/29 11:30,1.81 ,1009.42 ,35.83 ,43.24 ,80202.08 ,1292.09 
2024/2/29 11:40,1.64 ,1009.24 ,37.72 ,41.58 ,92173.22 ,1484.05 
2024/2/29 11:50,2.19 ,1009.07 ,39.19 ,38.26 ,105502.08 ,1733.34 
2024/2/29 12:00,2.46 ,1008.89 ,39.02 ,37.55 ,66208.19 ,910.69 
2024/2/29 12:10,2.30 ,1008.73 ,37.14 ,39.73 ,57229.21 ,719.84 
2024/2/29 12:20,3.36 ,1008.59 ,36.10 ,41.29 ,62821.08 ,866.29 
2024/2/29 12:30,2.27 ,1008.41 ,35.97 ,42.36 ,71668.54 ,1077.98 
2024/2/29 12:40,1.33 ,1008.27 ,35.88 ,42.78 ,47600.82 ,509.38 
2024/2/29 12:50,0.52 ,1008.14 ,35.83 ,43.73 ,54697.47 ,656.22 
2024/2/29  13:00:00 PM,0.48 ,1007.94 ,37.89 ,40.72 ,49718.74 ,549.21 
2024/2/29  13:10:00 PM,0.43 ,1007.74 ,39.94 ,37.71 ,44740.01 ,442.20 
2024/2/29 13:20,0.38 ,1007.54 ,42.00 ,34.70 ,39761.28 ,335.20 
2024/2/29 13:30,0.63 ,2007.47 ,41.63 ,34.61 ,51537.85 ,633.63 
2024/2/29 13:40,0.65 ,1007.50 ,38.60 ,38.50 ,31877.03 ,239.43 
2024/2/29 13:50,0.69 ,1007.51 ,37.06 ,42.56 ,32243.95 ,245.08 
2024/2/29 14:00,0.74 ,1007.52 ,35.52 ,46.62 ,32610.88 ,250.74 
2024/2/29 14:10,0.78 ,1007.54 ,33.98 ,50.68 ,32977.81 ,256.39 
2024/2/29 14:20,0.83 ,1007.55 ,32.44 ,54.74 ,33344.73 ,262.05 
2024/2/29 14:30,0.87 ,1007.56 ,30.90 ,58.80 ,33711.66 ,267.70 
2024/2/29 14:40,3.46 ,1007.57 ,31.45 ,58.23 ,48560.15 ,766.59 
2024/2/29 14:50,2.96 ,1009.41 ,31.13 ,58.65 ,29160.31 ,124.23 
2024/2/29 15:00,3.94 ,1007.99 ,28.00 ,66.54 ,13146.17 ,40.04 
2024/2/29 15:10,3.62 ,1008.05 ,26.09 ,75.30 ,8913.23 ,19.68 
2024/2/29 15:20,2.68 ,1008.10 ,25.60 ,80.15 ,10552.09 ,25.96 
2024/2/29 15:30,2.44 ,1008.18 ,25.35 ,82.75 ,5061.25 ,5.99 
2024/2/29 15:40,1.29 ,1008.24 ,24.93 ,84.25 ,3676.75 ,3.18 
2024/2/29 15:50,1.49 ,1008.25 ,24.73 ,84.85 ,2405.00 ,1.39 
2024/2/29 16:00,1.69 ,1008.38 ,24.41 ,86.29 ,2857.03 ,1.82 
2024/2/29 16:10,0.52 ,1008.44 ,24.03 ,89.62 ,2461.81 ,1.65 
2024/2/29 16:20,0.31 ,1008.54 ,23.52 ,94.63 ,2038.61 ,1.08 
2024/2/29 16:30,0.67 ,1008.57 ,23.67 ,96.80 ,2333.24 ,1.50 
2024/2/29 16:40,0.78 ,1008.65 ,23.85 ,98.18 ,2710.63 ,2.00 
2024/2/29 16:50,0.28 ,1008.69 ,23.83 ,98.31 ,2200.00 ,1.30 
2024/2/29 17:00,0.20 ,1008.78 ,23.80 ,97.77 ,1434.64 ,0.55 
